timestamp,temperature,context_temperature,date (Asia/Kolkata)
1694955052848,28.1,{},2023-09-17 18:20:52.848000+05:30
1694954291865,28.4,{},2023-09-17 18:08:11.865000+05:30
1694935991438,32.0,{},2023-09-17 13:03:11.438000+05:30
1694935610124,31.799999,{},2023-09-17 12:56:50.124000+05:30
1694935228980,31.299999,{},2023-09-17 12:50:28.980000+05:30
1694934847540,31.1,{},2023-09-17 12:44:07.540000+05:30
1694934466026,30.299999,{},2023-09-17 12:37:46.026000+05:30
1694934084974,30.1,{},2023-09-17 12:31:24.974000+05:30
1694933703779,29.799999,{},2023-09-17 12:25:03.779000+05:30
1694933322669,29.700001,{},2023-09-17 12:18:42.669000+05:30
1694932941124,29.799999,{},2023-09-17 12:12:21.124000+05:30
1694932559539,29.799999,{},2023-09-17 12:05:59.539000+05:30
1694932178396,30.1,{},2023-09-17 11:59:38.396000+05:30
1694931796772,30.0,{},2023-09-17 11:53:16.772000+05:30
1694931415212,30.0,{},2023-09-17 11:46:55.212000+05:30
1694931033905,30.0,{},2023-09-17 11:40:33.905000+05:30
1694930652459,29.700001,{},2023-09-17 11:34:12.459000+05:30
1694930270867,29.700001,{},2023-09-17 11:27:50.867000+05:30
1694929889823,29.700001,{},2023-09-17 11:21:29.823000+05:30
1694929508747,30.0,{},2023-09-17 11:15:08.747000+05:30
1694929127597,29.700001,{},2023-09-17 11:08:47.597000+05:30
1694928746796,29.4,{},2023-09-17 11:02:26.796000+05:30
1694928365530,29.4,{},2023-09-17 10:56:05.530000+05:30
1694927221815,29.299999,{},2023-09-17 10:37:01.815000+05:30
1694774425637,30.1,{},2023-09-15 16:10:25.637000+05:30
1694774044390,30.0,{},2023-09-15 16:04:04.390000+05:30
1694773663172,30.5,{},2023-09-15 15:57:43.172000+05:30
1694773281475,30.6,{},2023-09-15 15:51:21.475000+05:30
1694772899707,30.9,{},2023-09-15 15:44:59.707000+05:30
1694772518398,30.700001,{},2023-09-15 15:38:38.398000+05:30
1694772136432,30.799999,{},2023-09-15 15:32:16.432000+05:30
1694771754639,30.6,{},2023-09-15 15:25:54.639000+05:30
1694771372831,30.5,{},2023-09-15 15:19:32.831000+05:30
1694770991111,30.5,{},2023-09-15 15:13:11.111000+05:30
1694770609333,30.200001,{},2023-09-15 15:06:49.333000+05:30
1694770227465,30.200001,{},2023-09-15 15:00:27.465000+05:30
1694769846186,30.0,{},2023-09-15 14:54:06.186000+05:30
1694769464929,29.700001,{},2023-09-15 14:47:44.929000+05:30
1694769083870,30.200001,{},2023-09-15 14:41:23.870000+05:30
1694768702633,30.200001,{},2023-09-15 14:35:02.633000+05:30
1694768321357,30.299999,{},2023-09-15 14:28:41.357000+05:30
1694767939851,30.200001,{},2023-09-15 14:22:19.851000+05:30
1694767558510,30.700001,{},2023-09-15 14:15:58.510000+05:30
1694767177300,31.200001,{},2023-09-15 14:09:37.300000+05:30
1694766795932,32.099998,{},2023-09-15 14:03:15.932000+05:30
1694766414624,32.099998,{},2023-09-15 13:56:54.624000+05:30
1694766032852,32.099998,{},2023-09-15 13:50:32.852000+05:30
1694765651385,32.0,{},2023-09-15 13:44:11.385000+05:30
1694765270031,32.099998,{},2023-09-15 13:37:50.031000+05:30
1694764888522,32.200001,{},2023-09-15 13:31:28.522000+05:30
1694764506942,32.099998,{},2023-09-15 13:25:06.942000+05:30
1694764125453,32.099998,{},2023-09-15 13:18:45.453000+05:30
1694763744074,32.400002,{},2023-09-15 13:12:24.074000+05:30
1694763362739,32.299999,{},2023-09-15 13:06:02.739000+05:30
1694762980419,32.200001,{},2023-09-15 12:59:40.419000+05:30
1694762598976,32.099998,{},2023-09-15 12:53:18.976000+05:30
1694762217567,31.700001,{},2023-09-15 12:46:57.567000+05:30
1694761835547,31.299999,{},2023-09-15 12:40:35.547000+05:30
1694761453807,31.5,{},2023-09-15 12:34:13.807000+05:30
1694761071880,31.799999,{},2023-09-15 12:27:51.880000+05:30
1694760689954,31.9,{},2023-09-15 12:21:29.954000+05:30
1694760308054,32.0,{},2023-09-15 12:15:08.054000+05:30
1694759926603,32.099998,{},2023-09-15 12:08:46.603000+05:30
1694759545165,31.9,{},2023-09-15 12:02:25.165000+05:30
1694759163733,32.099998,{},2023-09-15 11:56:03.733000+05:30
1694758782298,31.9,{},2023-09-15 11:49:42.298000+05:30
1694758400836,31.9,{},2023-09-15 11:43:20.836000+05:30
1694758019647,31.5,{},2023-09-15 11:36:59.647000+05:30
1694757637098,31.4,{},2023-09-15 11:30:37.098000+05:30
1694757258503,31.299999,{},2023-09-15 11:24:18.503000+05:30
1694756658182,30.6,{},2023-09-15 11:14:18.182000+05:30
1694756276909,30.6,{},2023-09-15 11:07:56.909000+05:30
1694755895357,30.5,{},2023-09-15 11:01:35.357000+05:30
1694755514036,30.0,{},2023-09-15 10:55:14.036000+05:30
1694711382945,28.299999,{},2023-09-14 22:39:42.945000+05:30
1694710620843,28.4,{},2023-09-14 22:27:00.843000+05:30
1694710240981,28.700001,{},2023-09-14 22:20:40.981000+05:30
1694709858591,28.700001,{},2023-09-14 22:14:18.591000+05:30
1694709477460,28.700001,{},2023-09-14 22:07:57.460000+05:30
1694709096299,28.700001,{},2023-09-14 22:01:36.299000+05:30
1694708715415,28.700001,{},2023-09-14 21:55:15.415000+05:30
1694708334119,28.700001,{},2023-09-14 21:48:54.119000+05:30
1694707960910,28.799999,{},2023-09-14 21:42:40.910000+05:30
1694707579558,28.799999,{},2023-09-14 21:36:19.558000+05:30
1694707207755,28.799999,{},2023-09-14 21:30:07.755000+05:30
1694706824992,29.0,{},2023-09-14 21:23:44.992000+05:30
1694706443814,29.0,{},2023-09-14 21:17:23.814000+05:30
1694706062640,29.1,{},2023-09-14 21:11:02.640000+05:30
1694705681202,29.1,{},2023-09-14 21:04:41.202000+05:30
1694705299810,29.299999,{},2023-09-14 20:58:19.810000+05:30
1694704918479,29.200001,{},2023-09-14 20:51:58.479000+05:30
1694704537144,29.4,{},2023-09-14 20:45:37.144000+05:30
1694704155779,29.4,{},2023-09-14 20:39:15.779000+05:30
1694703774443,29.4,{},2023-09-14 20:32:54.443000+05:30
1694703393138,29.5,{},2023-09-14 20:26:33.138000+05:30
1694703019197,29.5,{},2023-09-14 20:20:19.197000+05:30
1694702630558,29.6,{},2023-09-14 20:13:50.558000+05:30
1694702217108,29.6,{},2023-09-14 20:06:57.108000+05:30
1694701836296,29.700001,{},2023-09-14 20:00:36.296000+05:30
1694701455552,29.700001,{},2023-09-14 19:54:15.552000+05:30
1694700964103,29.700001,{},2023-09-14 19:46:04.103000+05:30
1694700582667,29.700001,{},2023-09-14 19:39:42.667000+05:30
1694700201176,29.700001,{},2023-09-14 19:33:21.176000+05:30
1694699819808,29.700001,{},2023-09-14 19:26:59.808000+05:30
1694699438562,29.700001,{},2023-09-14 19:20:38.562000+05:30
1694699057782,29.799999,{},2023-09-14 19:14:17.782000+05:30
1694698676081,29.700001,{},2023-09-14 19:07:56.081000+05:30
1694698294581,29.9,{},2023-09-14 19:01:34.581000+05:30
1694697913407,30.0,{},2023-09-14 18:55:13.407000+05:30
1694697532041,30.1,{},2023-09-14 18:48:52.041000+05:30
1694697150840,30.200001,{},2023-09-14 18:42:30.840000+05:30
1694696769989,30.200001,{},2023-09-14 18:36:09.989000+05:30
1694696388802,30.4,{},2023-09-14 18:29:48.802000+05:30
1694696007581,30.5,{},2023-09-14 18:23:27.581000+05:30
1694695244709,30.5,{},2023-09-14 18:10:44.709000+05:30
1694694865138,30.6,{},2023-09-14 18:04:25.138000+05:30
1694694481882,30.700001,{},2023-09-14 17:58:01.882000+05:30
1694694100096,30.9,{},2023-09-14 17:51:40.096000+05:30
1694693718455,31.0,{},2023-09-14 17:45:18.455000+05:30
1694693336936,31.6,{},2023-09-14 17:38:56.936000+05:30
1694692955028,31.9,{},2023-09-14 17:32:35.028000+05:30
1694692573297,32.299999,{},2023-09-14 17:26:13.297000+05:30
1694692191404,32.700001,{},2023-09-14 17:19:51.404000+05:30
1694691809602,33.099998,{},2023-09-14 17:13:29.602000+05:30
1694691427588,33.200001,{},2023-09-14 17:07:07.588000+05:30
1694691047485,33.700001,{},2023-09-14 17:00:47.485000+05:30
1694690663575,33.700001,{},2023-09-14 16:54:23.575000+05:30
1694690281467,34.0,{},2023-09-14 16:48:01.467000+05:30
1694689899848,34.299999,{},2023-09-14 16:41:39.848000+05:30
1694689517713,34.200001,{},2023-09-14 16:35:17.713000+05:30
1694689135548,34.200001,{},2023-09-14 16:28:55.548000+05:30
1694688753413,34.700001,{},2023-09-14 16:22:33.413000+05:30
1694688371535,34.5,{},2023-09-14 16:16:11.535000+05:30
1694687989141,34.0,{},2023-09-14 16:09:49.141000+05:30
1694687607031,33.900002,{},2023-09-14 16:03:27.031000+05:30
1694687224994,34.299999,{},2023-09-14 15:57:04.994000+05:30
1694686842990,34.0,{},2023-09-14 15:50:42.990000+05:30
1694686460693,34.299999,{},2023-09-14 15:44:20.693000+05:30
1694686079001,34.700001,{},2023-09-14 15:37:59.001000+05:30
1694685696772,34.799999,{},2023-09-14 15:31:36.772000+05:30
1694685314912,35.0,{},2023-09-14 15:25:14.912000+05:30
1694684933123,34.799999,{},2023-09-14 15:18:53.123000+05:30
1694684551312,34.400002,{},2023-09-14 15:12:31.312000+05:30
1694684169067,34.400002,{},2023-09-14 15:06:09.067000+05:30
1694683787067,34.700001,{},2023-09-14 14:59:47.067000+05:30
1694683404898,35.099998,{},2023-09-14 14:53:24.898000+05:30
1694683022647,35.099998,{},2023-09-14 14:47:02.647000+05:30
1694682640328,34.700001,{},2023-09-14 14:40:40.328000+05:30
1694682258051,34.599998,{},2023-09-14 14:34:18.051000+05:30
1694681875904,35.0,{},2023-09-14 14:27:55.904000+05:30
1694602501873,33.299999,{},2023-09-13 16:25:01.873000+05:30
1694602120014,33.299999,{},2023-09-13 16:18:40.014000+05:30
1694601738385,33.5,{},2023-09-13 16:12:18.385000+05:30
1694601356351,33.400002,{},2023-09-13 16:05:56.351000+05:30
1694600974568,33.599998,{},2023-09-13 15:59:34.568000+05:30
1694600592693,34.200001,{},2023-09-13 15:53:12.693000+05:30
1694600210784,34.799999,{},2023-09-13 15:46:50.784000+05:30
1694599828788,34.799999,{},2023-09-13 15:40:28.788000+05:30
1694599446782,34.599998,{},2023-09-13 15:34:06.782000+05:30
1694599064780,34.700001,{},2023-09-13 15:27:44.780000+05:30
1694598683839,35.099998,{},2023-09-13 15:21:23.839000+05:30
1694598300866,35.200001,{},2023-09-13 15:15:00.866000+05:30
1694597918795,35.099998,{},2023-09-13 15:08:38.795000+05:30
1694597536772,34.5,{},2023-09-13 15:02:16.772000+05:30
1694597154840,34.0,{},2023-09-13 14:55:54.840000+05:30
1694596772946,34.0,{},2023-09-13 14:49:32.946000+05:30
1694596391240,34.400002,{},2023-09-13 14:43:11.240000+05:30
1694596009349,34.400002,{},2023-09-13 14:36:49.349000+05:30
1694595627550,34.599998,{},2023-09-13 14:30:27.550000+05:30
1694595245648,34.799999,{},2023-09-13 14:24:05.648000+05:30
1694594863773,34.400002,{},2023-09-13 14:17:43.773000+05:30
1694594481949,34.400002,{},2023-09-13 14:11:21.949000+05:30
1694594100714,34.700001,{},2023-09-13 14:05:00.714000+05:30
1694593719424,34.900002,{},2023-09-13 13:58:39.424000+05:30
1694593337990,34.799999,{},2023-09-13 13:52:17.990000+05:30
1694592956573,34.400002,{},2023-09-13 13:45:56.573000+05:30
1694592574753,33.799999,{},2023-09-13 13:39:34.753000+05:30
1694592193393,33.900002,{},2023-09-13 13:33:13.393000+05:30
1694591811650,33.299999,{},2023-09-13 13:26:51.650000+05:30
1694591429977,33.700001,{},2023-09-13 13:20:29.977000+05:30
1694591048237,33.700001,{},2023-09-13 13:14:08.237000+05:30
1694590666459,33.599998,{},2023-09-13 13:07:46.459000+05:30
1694590284759,33.200001,{},2023-09-13 13:01:24.759000+05:30
1694589903128,33.200001,{},2023-09-13 12:55:03.128000+05:30
1694589521488,33.200001,{},2023-09-13 12:48:41.488000+05:30
1694589139785,32.700001,{},2023-09-13 12:42:19.785000+05:30
1694588758704,33.200001,{},2023-09-13 12:35:58.704000+05:30
1694588377584,32.799999,{},2023-09-13 12:29:37.584000+05:30
1694587996449,32.0,{},2023-09-13 12:23:16.449000+05:30
1694587614856,32.799999,{},2023-09-13 12:16:54.856000+05:30
1694587233342,32.700001,{},2023-09-13 12:10:33.342000+05:30
1694586471017,31.700001,{},2023-09-13 11:57:51.017000+05:30
1694586089514,31.1,{},2023-09-13 11:51:29.514000+05:30
1694585708438,31.700001,{},2023-09-13 11:45:08.438000+05:30
1694585327584,31.4,{},2023-09-13 11:38:47.584000+05:30
1694584945864,31.1,{},2023-09-13 11:32:25.864000+05:30
1694584564683,31.1,{},2023-09-13 11:26:04.683000+05:30
1694584183609,31.0,{},2023-09-13 11:19:43.609000+05:30
1694583802635,31.1,{},2023-09-13 11:13:22.635000+05:30
1694583421592,31.200001,{},2023-09-13 11:07:01.592000+05:30
1694583040258,31.200001,{},2023-09-13 11:00:40.258000+05:30
1694582659562,31.0,{},2023-09-13 10:54:19.562000+05:30
1694582277540,30.5,{},2023-09-13 10:47:57.540000+05:30
1694581515339,30.4,{},2023-09-13 10:35:15.339000+05:30
1694581134215,30.4,{},2023-09-13 10:28:54.215000+05:30
1694580753063,30.6,{},2023-09-13 10:22:33.063000+05:30
1694580371512,30.799999,{},2023-09-13 10:16:11.512000+05:30
1694579990027,30.200001,{},2023-09-13 10:09:50.027000+05:30
1694578846433,0.0,{},2023-09-13 09:50:46.433000+05:30
1694541534960,28.1,{},2023-09-12 23:28:54.960000+05:30
1694540391740,28.6,{},2023-09-12 23:09:51.740000+05:30
1694535819208,28.700001,{},2023-09-12 21:53:39.208000+05:30
1694535438185,28.9,{},2023-09-12 21:47:18.185000+05:30
1694534676293,29.0,{},2023-09-12 21:34:36.293000+05:30
1694534295521,29.0,{},2023-09-12 21:28:15.521000+05:30
1694533914523,29.1,{},2023-09-12 21:21:54.523000+05:30
1694533533626,29.1,{},2023-09-12 21:15:33.626000+05:30
1694533152753,29.1,{},2023-09-12 21:09:12.753000+05:30
1694532771897,29.1,{},2023-09-12 21:02:51.897000+05:30
1694532390944,29.0,{},2023-09-12 20:56:30.944000+05:30
1694532010134,29.1,{},2023-09-12 20:50:10.134000+05:30
1694531629489,29.200001,{},2023-09-12 20:43:49.489000+05:30
1694531248115,29.200001,{},2023-09-12 20:37:28.115000+05:30
1694530867170,29.200001,{},2023-09-12 20:31:07.170000+05:30
1694530486218,29.200001,{},2023-09-12 20:24:46.218000+05:30
1694530105241,29.299999,{},2023-09-12 20:18:25.241000+05:30
1694529724161,29.6,{},2023-09-12 20:12:04.161000+05:30
1694529343164,29.700001,{},2023-09-12 20:05:43.164000+05:30
1694528961837,29.799999,{},2023-09-12 19:59:21.837000+05:30
1694528580829,29.9,{},2023-09-12 19:53:00.829000+05:30
1694528199844,30.0,{},2023-09-12 19:46:39.844000+05:30
1694527818881,30.0,{},2023-09-12 19:40:18.881000+05:30
1694527437669,30.1,{},2023-09-12 19:33:57.669000+05:30
1694527056645,30.200001,{},2023-09-12 19:27:36.645000+05:30
1694526675744,30.299999,{},2023-09-12 19:21:15.744000+05:30
1694526294475,30.4,{},2023-09-12 19:14:54.475000+05:30
1694525913382,30.4,{},2023-09-12 19:08:33.382000+05:30
1694525533053,30.700001,{},2023-09-12 19:02:13.053000+05:30
1694525151451,30.700001,{},2023-09-12 18:55:51.451000+05:30
1694524769523,30.700001,{},2023-09-12 18:49:29.523000+05:30
1694524390138,30.9,{},2023-09-12 18:43:10.138000+05:30
1694524006591,31.0,{},2023-09-12 18:36:46.591000+05:30
1694523625370,31.200001,{},2023-09-12 18:30:25.370000+05:30
1694523243757,31.299999,{},2023-09-12 18:24:03.757000+05:30
1694522862463,31.4,{},2023-09-12 18:17:42.463000+05:30
1694522481262,31.4,{},2023-09-12 18:11:21.262000+05:30
1694522100004,31.200001,{},2023-09-12 18:05:00.004000+05:30
1694521718817,30.9,{},2023-09-12 17:58:38.817000+05:30
1694513867280,33.0,{},2023-09-12 15:47:47.280000+05:30
1694513485981,0.0,{},2023-09-12 15:41:25.981000+05:30
1694513104529,33.400002,{},2023-09-12 15:35:04.529000+05:30
1694512723060,33.599998,{},2023-09-12 15:28:43.060000+05:30
1694512341614,33.599998,{},2023-09-12 15:22:21.614000+05:30
1694508907116,35.5,{},2023-09-12 14:25:07.116000+05:30
1694508525437,35.0,{},2023-09-12 14:18:45.437000+05:30
1694508143792,34.900002,{},2023-09-12 14:12:23.792000+05:30
1694507762167,34.700001,{},2023-09-12 14:06:02.167000+05:30
1694507380566,34.200001,{},2023-09-12 13:59:40.566000+05:30
1694506999074,33.799999,{},2023-09-12 13:53:19.074000+05:30
1694506617639,33.900002,{},2023-09-12 13:46:57.639000+05:30
1694503567150,33.700001,{},2023-09-12 12:56:07.150000+05:30
1694503184553,33.700001,{},2023-09-12 12:49:44.553000+05:30
1694496712512,32.599998,{},2023-09-12 11:01:52.512000+05:30
1694496330868,32.299999,{},2023-09-12 10:55:30.868000+05:30
1694495949687,32.5,{},2023-09-12 10:49:09.687000+05:30
1694495568518,32.700001,{},2023-09-12 10:42:48.518000+05:30
1694494424854,31.700001,{},2023-09-12 10:23:44.854000+05:30
1694494043891,31.700001,{},2023-09-12 10:17:23.891000+05:30
1694493663706,31.4,{},2023-09-12 10:11:03.706000+05:30
1694493281826,0.0,{},2023-09-12 10:04:41.826000+05:30
1694492138956,30.299999,{},2023-09-12 09:45:38.956000+05:30
1694491757936,30.200001,{},2023-09-12 09:39:17.936000+05:30
1694491377072,29.799999,{},2023-09-12 09:32:57.072000+05:30
1694490995985,0.0,{},2023-09-12 09:26:35.985000+05:30
1694448735476,29.6,{},2023-09-11 21:42:15.476000+05:30
1694447972860,29.6,{},2023-09-11 21:29:32.860000+05:30
1694447591245,29.6,{},2023-09-11 21:23:11.245000+05:30
1694447209835,29.5,{},2023-09-11 21:16:49.835000+05:30
1694446828469,29.6,{},2023-09-11 21:10:28.469000+05:30
1694446447222,29.700001,{},2023-09-11 21:04:07.222000+05:30
1694445684984,29.700001,{},2023-09-11 20:51:24.984000+05:30
1694445304223,29.700001,{},2023-09-11 20:45:04.223000+05:30
1694444923614,29.799999,{},2023-09-11 20:38:43.614000+05:30
1694444541092,29.799999,{},2023-09-11 20:32:21.092000+05:30
1694444159611,29.799999,{},2023-09-11 20:25:59.611000+05:30
1694443778338,29.799999,{},2023-09-11 20:19:38.338000+05:30
1694443396980,30.0,{},2023-09-11 20:13:16.980000+05:30
1694443015758,29.9,{},2023-09-11 20:06:55.758000+05:30
1694442634389,30.1,{},2023-09-11 20:00:34.389000+05:30
1694442253141,30.200001,{},2023-09-11 19:54:13.141000+05:30
1694441871774,30.299999,{},2023-09-11 19:47:51.774000+05:30
1694441490520,30.299999,{},2023-09-11 19:41:30.520000+05:30
1694441109242,30.4,{},2023-09-11 19:35:09.242000+05:30
1694440727689,30.6,{},2023-09-11 19:28:47.689000+05:30
1694440346305,30.799999,{},2023-09-11 19:22:26.305000+05:30
1694439964971,30.799999,{},2023-09-11 19:16:04.971000+05:30
1694439583747,30.700001,{},2023-09-11 19:09:43.747000+05:30
1694439202250,31.0,{},2023-09-11 19:03:22.250000+05:30
1694438820922,31.0,{},2023-09-11 18:57:00.922000+05:30
1694438439319,31.1,{},2023-09-11 18:50:39.319000+05:30
1694438058002,31.299999,{},2023-09-11 18:44:18.002000+05:30
1694437676549,31.200001,{},2023-09-11 18:37:56.549000+05:30
1694437295174,31.1,{},2023-09-11 18:31:35.174000+05:30
1694436913809,30.9,{},2023-09-11 18:25:13.809000+05:30
1694436532365,30.4,{},2023-09-11 18:18:52.365000+05:30
1694354851824,28.5,{},2023-09-10 19:37:31.824000+05:30
1694354470793,28.6,{},2023-09-10 19:31:10.793000+05:30
1694354089128,28.700001,{},2023-09-10 19:24:49.128000+05:30
1694353707522,28.700001,{},2023-09-10 19:18:27.522000+05:30
1694353326105,28.799999,{},2023-09-10 19:12:06.105000+05:30
1694352944677,28.9,{},2023-09-10 19:05:44.677000+05:30
1694352563195,28.9,{},2023-09-10 18:59:23.195000+05:30
1694352181710,29.0,{},2023-09-10 18:53:01.710000+05:30
1694351800559,29.0,{},2023-09-10 18:46:40.559000+05:30
1694351419026,29.0,{},2023-09-10 18:40:19.026000+05:30
1694351037282,29.299999,{},2023-09-10 18:33:57.282000+05:30
1694350656156,29.299999,{},2023-09-10 18:27:36.156000+05:30
1694350274322,29.4,{},2023-09-10 18:21:14.322000+05:30
1694349892724,29.299999,{},2023-09-10 18:14:52.724000+05:30
1694349511462,29.6,{},2023-09-10 18:08:31.462000+05:30
1694349129666,29.6,{},2023-09-10 18:02:09.666000+05:30
1694348748439,29.700001,{},2023-09-10 17:55:48.439000+05:30
1694348368360,29.799999,{},2023-09-10 17:49:28.360000+05:30
1694347985018,29.9,{},2023-09-10 17:43:05.018000+05:30
1694347603457,30.0,{},2023-09-10 17:36:43.457000+05:30
1694347223449,30.0,{},2023-09-10 17:30:23.449000+05:30
1694346840378,29.9,{},2023-09-10 17:24:00.378000+05:30
1694346458668,29.9,{},2023-09-10 17:17:38.668000+05:30
1694346085010,30.1,{},2023-09-10 17:11:25.010000+05:30
1694345705304,30.200001,{},2023-09-10 17:05:05.304000+05:30
1694345321713,30.5,{},2023-09-10 16:58:41.713000+05:30
1694344940049,30.700001,{},2023-09-10 16:52:20.049000+05:30
1694344558385,30.700001,{},2023-09-10 16:45:58.385000+05:30
1694344176677,31.0,{},2023-09-10 16:39:36.677000+05:30
1694343794955,31.0,{},2023-09-10 16:33:14.955000+05:30
1694343415134,31.1,{},2023-09-10 16:26:55.134000+05:30
1694343031614,31.1,{},2023-09-10 16:20:31.614000+05:30
1694342649771,31.0,{},2023-09-10 16:14:09.771000+05:30
1694342268110,31.1,{},2023-09-10 16:07:48.110000+05:30
1694341886433,31.200001,{},2023-09-10 16:01:26.433000+05:30
1694341504703,31.299999,{},2023-09-10 15:55:04.703000+05:30
1694341124629,31.700001,{},2023-09-10 15:48:44.629000+05:30
1694340742631,31.9,{},2023-09-10 15:42:22.631000+05:30
1694340359487,32.099998,{},2023-09-10 15:35:59.487000+05:30
1694339977443,32.200001,{},2023-09-10 15:29:37.443000+05:30
1694339595550,32.0,{},2023-09-10 15:23:15.550000+05:30
1694339213721,32.299999,{},2023-09-10 15:16:53.721000+05:30
1694338833657,32.5,{},2023-09-10 15:10:33.657000+05:30
1694338449945,32.599998,{},2023-09-10 15:04:09.945000+05:30
1694338068157,32.5,{},2023-09-10 14:57:48.157000+05:30
1694337686090,32.700001,{},2023-09-10 14:51:26.090000+05:30
1694337304180,32.900002,{},2023-09-10 14:45:04.180000+05:30
1694336922256,32.5,{},2023-09-10 14:38:42.256000+05:30
1694336540379,32.0,{},2023-09-10 14:32:20.379000+05:30
1694336158542,31.9,{},2023-09-10 14:25:58.542000+05:30
1694335776736,32.099998,{},2023-09-10 14:19:36.736000+05:30
1694335394921,32.0,{},2023-09-10 14:13:14.921000+05:30
1694335013210,32.0,{},2023-09-10 14:06:53.210000+05:30
1694334631491,32.299999,{},2023-09-10 14:00:31.491000+05:30
1694334251431,32.5,{},2023-09-10 13:54:11.431000+05:30
1694333867584,32.400002,{},2023-09-10 13:47:47.584000+05:30
1694333485735,32.5,{},2023-09-10 13:41:25.735000+05:30
1694333103774,32.099998,{},2023-09-10 13:35:03.774000+05:30
1694332721954,31.6,{},2023-09-10 13:28:41.954000+05:30
1694332340175,31.200001,{},2023-09-10 13:22:20.175000+05:30
1694331958412,31.1,{},2023-09-10 13:15:58.412000+05:30
1694331576894,30.799999,{},2023-09-10 13:09:36.894000+05:30
1694331195170,31.0,{},2023-09-10 13:03:15.170000+05:30
1694330813431,31.0,{},2023-09-10 12:56:53.431000+05:30
1694330431919,30.799999,{},2023-09-10 12:50:31.919000+05:30
1694330050089,30.799999,{},2023-09-10 12:44:10.089000+05:30
1694329668330,30.6,{},2023-09-10 12:37:48.330000+05:30
1694329286559,30.6,{},2023-09-10 12:31:26.559000+05:30
1694325851391,31.0,{},2023-09-10 11:34:11.391000+05:30
1694325469577,0.0,{},2023-09-10 11:27:49.577000+05:30
1694093811751,27.200001,{},2023-09-07 19:06:51.751000+05:30
1694093428096,27.200001,{},2023-09-07 19:00:28.096000+05:30
1694093046185,27.299999,{},2023-09-07 18:54:06.185000+05:30
1694092666213,27.299999,{},2023-09-07 18:47:46.213000+05:30
1694092283259,27.5,{},2023-09-07 18:41:23.259000+05:30
1694091902084,27.5,{},2023-09-07 18:35:02.084000+05:30
1694091520742,27.5,{},2023-09-07 18:28:40.742000+05:30
1694091138859,27.5,{},2023-09-07 18:22:18.859000+05:30
1694090758150,27.700001,{},2023-09-07 18:15:58.150000+05:30
1694090375847,27.799999,{},2023-09-07 18:09:35.847000+05:30
1694089994561,27.700001,{},2023-09-07 18:03:14.561000+05:30
1694089612888,27.6,{},2023-09-07 17:56:52.888000+05:30
1694089231488,27.700001,{},2023-09-07 17:50:31.488000+05:30
1694088849811,27.700001,{},2023-09-07 17:44:09.811000+05:30
1694088468319,27.799999,{},2023-09-07 17:37:48.319000+05:30
1694088086819,27.799999,{},2023-09-07 17:31:26.819000+05:30
1694087705301,27.799999,{},2023-09-07 17:25:05.301000+05:30
1694087323938,28.1,{},2023-09-07 17:18:43.938000+05:30
1694086942306,28.4,{},2023-09-07 17:12:22.306000+05:30
1694086560734,28.4,{},2023-09-07 17:06:00.734000+05:30
1694086179129,28.6,{},2023-09-07 16:59:39.129000+05:30
1694085797576,28.5,{},2023-09-07 16:53:17.576000+05:30
1694085415922,28.700001,{},2023-09-07 16:46:55.922000+05:30
1694085034328,28.700001,{},2023-09-07 16:40:34.328000+05:30
1694084652723,28.700001,{},2023-09-07 16:34:12.723000+05:30
1694084271077,28.700001,{},2023-09-07 16:27:51.077000+05:30
1694083889459,28.5,{},2023-09-07 16:21:29.459000+05:30
1694083507873,28.6,{},2023-09-07 16:15:07.873000+05:30
1694083126180,28.799999,{},2023-09-07 16:08:46.180000+05:30
1694082744550,28.700001,{},2023-09-07 16:02:24.550000+05:30
1694082362933,28.700001,{},2023-09-07 15:56:02.933000+05:30
1694081981433,28.700001,{},2023-09-07 15:49:41.433000+05:30
1694081600284,28.799999,{},2023-09-07 15:43:20.284000+05:30
1694081218013,28.9,{},2023-09-07 15:36:58.013000+05:30
1694080836378,28.799999,{},2023-09-07 15:30:36.378000+05:30
1694080454733,29.0,{},2023-09-07 15:24:14.733000+05:30
1694080073012,0.0,{},2023-09-07 15:17:53.012000+05:30
1693849930840,29.299999,{},2023-09-04 23:22:10.840000+05:30
1693849549160,29.200001,{},2023-09-04 23:15:49.160000+05:30
1693849167505,29.299999,{},2023-09-04 23:09:27.505000+05:30
1693848785882,29.299999,{},2023-09-04 23:03:05.882000+05:30
1693848404176,29.299999,{},2023-09-04 22:56:44.176000+05:30
1693848022428,29.4,{},2023-09-04 22:50:22.428000+05:30
1693847641281,29.6,{},2023-09-04 22:44:01.281000+05:30
1693847260530,29.5,{},2023-09-04 22:37:40.530000+05:30
1693846495993,29.700001,{},2023-09-04 22:24:55.993000+05:30
1693846113809,29.6,{},2023-09-04 22:18:33.809000+05:30
1693845732514,29.6,{},2023-09-04 22:12:12.514000+05:30
1693845351626,29.799999,{},2023-09-04 22:05:51.626000+05:30
1693844968903,29.700001,{},2023-09-04 21:59:28.903000+05:30
1693844586816,29.799999,{},2023-09-04 21:53:06.816000+05:30
1693844205042,29.9,{},2023-09-04 21:46:45.042000+05:30
1693843823245,29.9,{},2023-09-04 21:40:23.245000+05:30
1693843441545,0.0,{},2023-09-04 21:34:01.545000+05:30
1693843060833,29.799999,{},2023-09-04 21:27:40.833000+05:30
1693842677943,29.9,{},2023-09-04 21:21:17.943000+05:30
1693757257944,29.9,{},2023-09-03 21:37:37.944000+05:30
1693756876148,30.200001,{},2023-09-03 21:31:16.148000+05:30
1693756494308,30.0,{},2023-09-03 21:24:54.308000+05:30
1693756112485,29.9,{},2023-09-03 21:18:32.485000+05:30
1693755730654,30.200001,{},2023-09-03 21:12:10.654000+05:30
1693755348809,30.299999,{},2023-09-03 21:05:48.809000+05:30
1693754966962,30.5,{},2023-09-03 20:59:26.962000+05:30
1693754585041,30.5,{},2023-09-03 20:53:05.041000+05:30
1693754203164,30.6,{},2023-09-03 20:46:43.164000+05:30
1693753821325,30.700001,{},2023-09-03 20:40:21.325000+05:30
1693753439382,30.6,{},2023-09-03 20:33:59.382000+05:30
1693753057476,30.6,{},2023-09-03 20:27:37.476000+05:30
1693752675566,30.799999,{},2023-09-03 20:21:15.566000+05:30
1693752293880,30.799999,{},2023-09-03 20:14:53.880000+05:30
1693751911737,30.799999,{},2023-09-03 20:08:31.737000+05:30
1693751529801,30.700001,{},2023-09-03 20:02:09.801000+05:30
1693751147935,30.700001,{},2023-09-03 19:55:47.935000+05:30
1693750765961,30.9,{},2023-09-03 19:49:25.961000+05:30
1693750384058,31.0,{},2023-09-03 19:43:04.058000+05:30
1693750002107,31.299999,{},2023-09-03 19:36:42.107000+05:30
1693749620655,31.6,{},2023-09-03 19:30:20.655000+05:30
1693749238270,31.700001,{},2023-09-03 19:23:58.270000+05:30
1693748860081,31.700001,{},2023-09-03 19:17:40.081000+05:30
1693748476041,31.6,{},2023-09-03 19:11:16.041000+05:30
1693748091822,31.5,{},2023-09-03 19:04:51.822000+05:30
1693747709764,31.700001,{},2023-09-03 18:58:29.764000+05:30
1693747327592,32.200001,{},2023-09-03 18:52:07.592000+05:30
1693746945393,32.099998,{},2023-09-03 18:45:45.393000+05:30
1693746563456,32.200001,{},2023-09-03 18:39:23.456000+05:30
1693746180881,32.599998,{},2023-09-03 18:33:00.881000+05:30
1693745798543,33.0,{},2023-09-03 18:26:38.543000+05:30
1693745416583,33.400002,{},2023-09-03 18:20:16.583000+05:30
1693745033768,33.700001,{},2023-09-03 18:13:53.768000+05:30
1693744651151,34.0,{},2023-09-03 18:07:31.151000+05:30
1693744268799,34.400002,{},2023-09-03 18:01:08.799000+05:30
1693743886079,34.400002,{},2023-09-03 17:54:46.079000+05:30
1693743503525,34.400002,{},2023-09-03 17:48:23.525000+05:30
1693743120970,34.5,{},2023-09-03 17:42:00.970000+05:30
1693742738348,34.799999,{},2023-09-03 17:35:38.348000+05:30
1693742355741,35.0,{},2023-09-03 17:29:15.741000+05:30
1693741973071,34.900002,{},2023-09-03 17:22:53.071000+05:30
1693741590522,34.900002,{},2023-09-03 17:16:30.522000+05:30
1693741208277,35.200001,{},2023-09-03 17:10:08.277000+05:30
1693740825053,35.200001,{},2023-09-03 17:03:45.053000+05:30
1693740450461,35.200001,{},2023-09-03 16:57:30.461000+05:30
1693740067545,35.099998,{},2023-09-03 16:51:07.545000+05:30
1693739684820,35.400002,{},2023-09-03 16:44:44.820000+05:30
1693739302114,35.599998,{},2023-09-03 16:38:22.114000+05:30
1693738919354,36.0,{},2023-09-03 16:31:59.354000+05:30
1693738536565,36.700001,{},2023-09-03 16:25:36.565000+05:30
1693738153731,37.0,{},2023-09-03 16:19:13.731000+05:30
1693737770748,37.099998,{},2023-09-03 16:12:50.748000+05:30
1693737387753,36.799999,{},2023-09-03 16:06:27.753000+05:30
1693737005054,36.5,{},2023-09-03 16:00:05.054000+05:30
1693736622182,36.299999,{},2023-09-03 15:53:42.182000+05:30
1693736239022,36.799999,{},2023-09-03 15:47:19.022000+05:30
1693735856078,37.200001,{},2023-09-03 15:40:56.078000+05:30
1693735473096,38.099998,{},2023-09-03 15:34:33.096000+05:30
1693735089984,38.5,{},2023-09-03 15:28:09.984000+05:30
1693734706854,38.5,{},2023-09-03 15:21:46.854000+05:30
1693734323620,38.5,{},2023-09-03 15:15:23.620000+05:30
1693733865221,38.0,{},2023-09-03 15:07:45.221000+05:30
1693733482074,38.0,{},2023-09-03 15:01:22.074000+05:30
1693733099017,38.200001,{},2023-09-03 14:54:59.017000+05:30
1693732716192,38.5,{},2023-09-03 14:48:36.192000+05:30
1693732332654,38.400002,{},2023-09-03 14:42:12.654000+05:30
1693731283413,38.799999,{},2023-09-03 14:24:43.413000+05:30
1693730902157,38.5,{},2023-09-03 14:18:22.157000+05:30
1693730517214,38.400002,{},2023-09-03 14:11:57.214000+05:30
1693730134056,38.5,{},2023-09-03 14:05:34.056000+05:30
1693729750968,38.5,{},2023-09-03 13:59:10.968000+05:30
1693729367845,37.599998,{},2023-09-03 13:52:47.845000+05:30
1693728984783,38.0,{},2023-09-03 13:46:24.783000+05:30
1693728601897,37.599998,{},2023-09-03 13:40:01.897000+05:30
1693728218811,37.5,{},2023-09-03 13:33:38.811000+05:30
1693727835992,38.0,{},2023-09-03 13:27:15.992000+05:30
1693727453857,38.0,{},2023-09-03 13:20:53.857000+05:30
1693727069901,37.0,{},2023-09-03 13:14:29.901000+05:30
1693726686928,36.400002,{},2023-09-03 13:08:06.928000+05:30
1693726304059,37.299999,{},2023-09-03 13:01:44.059000+05:30
1693725921199,37.200001,{},2023-09-03 12:55:21.199000+05:30
1693725538216,37.599998,{},2023-09-03 12:48:58.216000+05:30
1693725155254,37.299999,{},2023-09-03 12:42:35.254000+05:30
1693724775802,36.599998,{},2023-09-03 12:36:15.802000+05:30
1693724389474,0.0,{},2023-09-03 12:29:49.474000+05:30
1693675892290,30.0,{},2023-09-02 23:01:32.290000+05:30
1693675511068,29.9,{},2023-09-02 22:55:11.068000+05:30
1693675128747,29.9,{},2023-09-02 22:48:48.747000+05:30
1693674754979,29.799999,{},2023-09-02 22:42:34.979000+05:30
1693674375244,29.799999,{},2023-09-02 22:36:15.244000+05:30
1693673991502,29.799999,{},2023-09-02 22:29:51.502000+05:30
1693673609767,29.700001,{},2023-09-02 22:23:29.767000+05:30
1693673228167,29.9,{},2023-09-02 22:17:08.167000+05:30
1693672846253,29.9,{},2023-09-02 22:10:46.253000+05:30
1693672464503,30.0,{},2023-09-02 22:04:24.503000+05:30
1693672082752,29.9,{},2023-09-02 21:58:02.752000+05:30
1693671701011,30.0,{},2023-09-02 21:51:41.011000+05:30
1693671319199,30.0,{},2023-09-02 21:45:19.199000+05:30
1693670939377,30.0,{},2023-09-02 21:38:59.377000+05:30
1693670557411,30.0,{},2023-09-02 21:32:37.411000+05:30
1693670173808,30.4,{},2023-09-02 21:26:13.808000+05:30
1693669792004,30.5,{},2023-09-02 21:19:52.004000+05:30
1693669410121,30.6,{},2023-09-02 21:13:30.121000+05:30
1693669028281,30.6,{},2023-09-02 21:07:08.281000+05:30
1693668646574,30.700001,{},2023-09-02 21:00:46.574000+05:30
1693668266705,30.700001,{},2023-09-02 20:54:26.705000+05:30
1693667883013,30.700001,{},2023-09-02 20:48:03.013000+05:30
1693667500739,30.700001,{},2023-09-02 20:41:40.739000+05:30
1693667118858,30.6,{},2023-09-02 20:35:18.858000+05:30
1693666738954,30.5,{},2023-09-02 20:28:58.954000+05:30
1693666355190,30.799999,{},2023-09-02 20:22:35.190000+05:30
1693665973208,30.9,{},2023-09-02 20:16:13.208000+05:30
1693665591325,30.9,{},2023-09-02 20:09:51.325000+05:30
1693665211125,30.700001,{},2023-09-02 20:03:31.125000+05:30
1693664827510,30.700001,{},2023-09-02 19:57:07.510000+05:30
1693664445655,30.6,{},2023-09-02 19:50:45.655000+05:30
1693664063749,30.9,{},2023-09-02 19:44:23.749000+05:30
1693663682194,30.9,{},2023-09-02 19:38:02.194000+05:30
1693663299953,31.0,{},2023-09-02 19:31:39.953000+05:30
1693662918175,31.200001,{},2023-09-02 19:25:18.175000+05:30
1693662536010,31.5,{},2023-09-02 19:18:56.010000+05:30
1693662154073,31.5,{},2023-09-02 19:12:34.073000+05:30
1693661772072,31.5,{},2023-09-02 19:06:12.072000+05:30
1693661390136,31.6,{},2023-09-02 18:59:50.136000+05:30
1693661008022,31.5,{},2023-09-02 18:53:28.022000+05:30
1693660625993,31.6,{},2023-09-02 18:47:05.993000+05:30
1693660244250,31.5,{},2023-09-02 18:40:44.250000+05:30
1693659870319,31.6,{},2023-09-02 18:34:30.319000+05:30
1693659487734,31.6,{},2023-09-02 18:28:07.734000+05:30
1693659105552,31.700001,{},2023-09-02 18:21:45.552000+05:30
1693658723490,31.5,{},2023-09-02 18:15:23.490000+05:30
1693658341291,31.5,{},2023-09-02 18:09:01.291000+05:30
1693657959141,31.4,{},2023-09-02 18:02:39.141000+05:30
1693657577083,31.0,{},2023-09-02 17:56:17.083000+05:30
1693657194936,30.299999,{},2023-09-02 17:49:54.936000+05:30
1693564702447,39.5,{},2023-09-01 16:08:22.447000+05:30
1693564318844,39.5,{},2023-09-01 16:01:58.844000+05:30
1693563935821,39.400002,{},2023-09-01 15:55:35.821000+05:30
1693563552615,39.299999,{},2023-09-01 15:49:12.615000+05:30
1693563170512,39.0,{},2023-09-01 15:42:50.512000+05:30
1693562785407,39.200001,{},2023-09-01 15:36:25.407000+05:30
1693562402149,38.799999,{},2023-09-01 15:30:02.149000+05:30
1693562018840,38.5,{},2023-09-01 15:23:38.840000+05:30
1693561636394,39.099998,{},2023-09-01 15:17:16.394000+05:30
1693561252328,39.5,{},2023-09-01 15:10:52.328000+05:30
1693560868953,39.400002,{},2023-09-01 15:04:28.953000+05:30
1693560485633,39.099998,{},2023-09-01 14:58:05.633000+05:30
1693560102407,38.799999,{},2023-09-01 14:51:42.407000+05:30
1693559719430,38.5,{},2023-09-01 14:45:19.430000+05:30
1693559335959,38.0,{},2023-09-01 14:38:55.959000+05:30
1693558953058,37.299999,{},2023-09-01 14:32:33.058000+05:30
1693558569734,38.5,{},2023-09-01 14:26:09.734000+05:30
1693558188222,39.299999,{},2023-09-01 14:19:48.222000+05:30
1693557803467,39.200001,{},2023-09-01 14:13:23.467000+05:30
1693557420095,39.200001,{},2023-09-01 14:07:00.095000+05:30
1693557037039,38.799999,{},2023-09-01 14:00:37.039000+05:30
1693556653743,38.0,{},2023-09-01 13:54:13.743000+05:30
1693556270491,37.0,{},2023-09-01 13:47:50.491000+05:30
1693555888288,36.5,{},2023-09-01 13:41:28.288000+05:30
1693555504841,36.700001,{},2023-09-01 13:35:04.841000+05:30
1693555121735,37.200001,{},2023-09-01 13:28:41.735000+05:30
1693554738851,36.5,{},2023-09-01 13:22:18.851000+05:30
1693467112230,38.5,{},2023-08-31 13:01:52.230000+05:30
1693466730007,38.400002,{},2023-08-31 12:55:30.007000+05:30
1693466345957,38.099998,{},2023-08-31 12:49:05.957000+05:30
1693465968883,38.0,{},2023-08-31 12:42:48.883000+05:30
1693465579826,37.700001,{},2023-08-31 12:36:19.826000+05:30
1693465196812,37.099998,{},2023-08-31 12:29:56.812000+05:30
1693464813876,37.599998,{},2023-08-31 12:23:33.876000+05:30
1693464430937,37.099998,{},2023-08-31 12:17:10.937000+05:30
1693464047995,36.900002,{},2023-08-31 12:10:47.995000+05:30
1693463665114,36.900002,{},2023-08-31 12:04:25.114000+05:30
1693463282444,37.0,{},2023-08-31 11:58:02.444000+05:30
1693462899943,36.599998,{},2023-08-31 11:51:39.943000+05:30
1693462524234,36.700001,{},2023-08-31 11:45:24.234000+05:30
1693462133743,36.200001,{},2023-08-31 11:38:53.743000+05:30
1693461751036,36.099998,{},2023-08-31 11:32:31.036000+05:30
1693461368339,35.799999,{},2023-08-31 11:26:08.339000+05:30
1693460985724,35.0,{},2023-08-31 11:19:45.724000+05:30
1693460602933,35.299999,{},2023-08-31 11:13:22.933000+05:30
1693460220586,0.0,{},2023-08-31 11:07:00.586000+05:30
1693400674677,32.799999,{},2023-08-30 18:34:34.677000+05:30
1693400292366,33.200001,{},2023-08-30 18:28:12.366000+05:30
1693399909924,33.400002,{},2023-08-30 18:21:49.924000+05:30
1693399527540,33.5,{},2023-08-30 18:15:27.540000+05:30
1693399145187,33.799999,{},2023-08-30 18:09:05.187000+05:30
1693398762541,34.099998,{},2023-08-30 18:02:42.541000+05:30
1693398380007,34.0,{},2023-08-30 17:56:20.007000+05:30
1693397997475,34.200001,{},2023-08-30 17:49:57.475000+05:30
1693397615057,34.299999,{},2023-08-30 17:43:35.057000+05:30
1693397233557,34.599998,{},2023-08-30 17:37:13.557000+05:30
1693396849942,34.700001,{},2023-08-30 17:30:49.942000+05:30
1693396467366,34.799999,{},2023-08-30 17:24:27.366000+05:30
1693396084803,34.700001,{},2023-08-30 17:18:04.803000+05:30
1693395702732,34.400002,{},2023-08-30 17:11:42.732000+05:30
1693395319706,34.0,{},2023-08-30 17:05:19.706000+05:30
1693394937218,34.0,{},2023-08-30 16:58:57.218000+05:30
1693394555721,34.099998,{},2023-08-30 16:52:35.721000+05:30
1693394172306,34.099998,{},2023-08-30 16:46:12.306000+05:30
1693393789655,34.400002,{},2023-08-30 16:39:49.655000+05:30
1693393407159,34.799999,{},2023-08-30 16:33:27.159000+05:30
1693393024526,35.799999,{},2023-08-30 16:27:04.526000+05:30
1693392641974,35.799999,{},2023-08-30 16:20:41.974000+05:30
1693392259390,35.900002,{},2023-08-30 16:14:19.390000+05:30
1693391878905,35.799999,{},2023-08-30 16:07:58.905000+05:30
1693391493706,35.599998,{},2023-08-30 16:01:33.706000+05:30
1693391110906,36.0,{},2023-08-30 15:55:10.906000+05:30
1693390728338,35.099998,{},2023-08-30 15:48:48.338000+05:30
1693390346120,35.299999,{},2023-08-30 15:42:26.120000+05:30
1693389963037,36.099998,{},2023-08-30 15:36:03.037000+05:30
1693389580023,36.299999,{},2023-08-30 15:29:40.023000+05:30
1693389199007,35.900002,{},2023-08-30 15:23:19.007000+05:30
1693388814450,35.0,{},2023-08-30 15:16:54.450000+05:30
1693388431770,35.0,{},2023-08-30 15:10:31.770000+05:30
1693388049592,35.900002,{},2023-08-30 15:04:09.592000+05:30
1693387666400,36.099998,{},2023-08-30 14:57:46.400000+05:30
1693387283647,36.400002,{},2023-08-30 14:51:23.647000+05:30
1693386900895,36.099998,{},2023-08-30 14:45:00.895000+05:30
1693386518318,36.599998,{},2023-08-30 14:38:38.318000+05:30
1693386135954,37.299999,{},2023-08-30 14:32:15.954000+05:30
1693385752502,37.200001,{},2023-08-30 14:25:52.502000+05:30
1693385369395,37.200001,{},2023-08-30 14:19:29.395000+05:30
1693384986363,37.0,{},2023-08-30 14:13:06.363000+05:30
1693384603473,36.799999,{},2023-08-30 14:06:43.473000+05:30
1693384220750,37.5,{},2023-08-30 14:00:20.750000+05:30
1693383837963,37.599998,{},2023-08-30 13:53:57.963000+05:30
1693383454979,37.099998,{},2023-08-30 13:47:34.979000+05:30
1693383072043,36.900002,{},2023-08-30 13:41:12.043000+05:30
1693382691138,37.200001,{},2023-08-30 13:34:51.138000+05:30
1693382306253,37.0,{},2023-08-30 13:28:26.253000+05:30
1693381923271,36.700001,{},2023-08-30 13:22:03.271000+05:30
1693381540541,36.099998,{},2023-08-30 13:15:40.541000+05:30
1693381157864,36.0,{},2023-08-30 13:09:17.864000+05:30
1693380775113,36.0,{},2023-08-30 13:02:55.113000+05:30
1693380392411,35.700001,{},2023-08-30 12:56:32.411000+05:30
1693380009794,35.099998,{},2023-08-30 12:50:09.794000+05:30
1693379627316,34.200001,{},2023-08-30 12:43:47.316000+05:30
1693379245037,35.5,{},2023-08-30 12:37:25.037000+05:30
1693378864665,35.599998,{},2023-08-30 12:31:04.665000+05:30
1693378482002,35.0,{},2023-08-30 12:24:42.002000+05:30
1693378096866,34.700001,{},2023-08-30 12:18:16.866000+05:30
1693377714444,34.700001,{},2023-08-30 12:11:54.444000+05:30
1693377332043,34.099998,{},2023-08-30 12:05:32.043000+05:30
1693376949378,33.700001,{},2023-08-30 11:59:09.378000+05:30
1693367717134,29.6,{},2023-08-30 09:25:17.134000+05:30
1693367335307,29.299999,{},2023-08-30 09:18:55.307000+05:30
1693366953616,29.0,{},2023-08-30 09:12:33.616000+05:30
1693366571984,28.799999,{},2023-08-30 09:06:11.984000+05:30
1693366190355,28.6,{},2023-08-30 08:59:50.355000+05:30
1693365808738,28.4,{},2023-08-30 08:53:28.738000+05:30
1693365427192,28.299999,{},2023-08-30 08:47:07.192000+05:30
1693365045747,27.9,{},2023-08-30 08:40:45.747000+05:30
1693334922891,28.200001,{},2023-08-30 00:18:42.891000+05:30
1693334159593,28.0,{},2023-08-30 00:05:59.593000+05:30
1693333786059,28.200001,{},2023-08-29 23:59:46.059000+05:30
1693333406236,28.200001,{},2023-08-29 23:53:26.236000+05:30
1693333023003,28.1,{},2023-08-29 23:47:03.003000+05:30
1693332641446,28.5,{},2023-08-29 23:40:41.446000+05:30
1693332259957,28.5,{},2023-08-29 23:34:19.957000+05:30
1693331878337,28.799999,{},2023-08-29 23:27:58.337000+05:30
1693331496768,28.799999,{},2023-08-29 23:21:36.768000+05:30
1693331115782,28.799999,{},2023-08-29 23:15:15.782000+05:30
1693330733688,28.799999,{},2023-08-29 23:08:53.688000+05:30
1693330353563,28.799999,{},2023-08-29 23:02:33.563000+05:30
1693329970403,28.799999,{},2023-08-29 22:56:10.403000+05:30
1693329596788,28.799999,{},2023-08-29 22:49:56.788000+05:30
1693329215213,28.799999,{},2023-08-29 22:43:35.213000+05:30
1693328833696,28.700001,{},2023-08-29 22:37:13.696000+05:30
1693328452021,28.799999,{},2023-08-29 22:30:52.021000+05:30
1693328070527,29.0,{},2023-08-29 22:24:30.527000+05:30
1693327696988,28.9,{},2023-08-29 22:18:16.988000+05:30
1693327324564,28.9,{},2023-08-29 22:12:04.564000+05:30
1693326935913,29.0,{},2023-08-29 22:05:35.913000+05:30
1693326551962,29.200001,{},2023-08-29 21:59:11.962000+05:30
1693326170341,29.1,{},2023-08-29 21:52:50.341000+05:30
1693325788715,29.200001,{},2023-08-29 21:46:28.715000+05:30
1693325407294,29.200001,{},2023-08-29 21:40:07.294000+05:30
1693325025423,29.299999,{},2023-08-29 21:33:45.423000+05:30
1693324643826,29.6,{},2023-08-29 21:27:23.826000+05:30
1693324262087,29.5,{},2023-08-29 21:21:02.087000+05:30
1693323880690,29.5,{},2023-08-29 21:14:40.690000+05:30
1693323498627,29.6,{},2023-08-29 21:08:18.627000+05:30
1693323116972,29.6,{},2023-08-29 21:01:56.972000+05:30
1693322735243,29.700001,{},2023-08-29 20:55:35.243000+05:30
1693322353679,29.799999,{},2023-08-29 20:49:13.679000+05:30
1693321971725,29.700001,{},2023-08-29 20:42:51.725000+05:30
1693321589990,29.799999,{},2023-08-29 20:36:29.990000+05:30
1693321208271,29.6,{},2023-08-29 20:30:08.271000+05:30
1693320826502,29.5,{},2023-08-29 20:23:46.502000+05:30
1693320444785,29.200001,{},2023-08-29 20:17:24.785000+05:30
1693320063113,28.799999,{},2023-08-29 20:11:03.113000+05:30
1693317942882,30.799999,{},2023-08-29 19:35:42.882000+05:30
1693317560974,31.0,{},2023-08-29 19:29:20.974000+05:30
1693317179195,31.1,{},2023-08-29 19:22:59.195000+05:30
1693316797086,31.1,{},2023-08-29 19:16:37.086000+05:30
1693316417346,31.1,{},2023-08-29 19:10:17.346000+05:30
1693316033179,31.299999,{},2023-08-29 19:03:53.179000+05:30
1693315651312,31.5,{},2023-08-29 18:57:31.312000+05:30
1693315048067,31.700001,{},2023-08-29 18:47:28.067000+05:30
1693314666026,31.799999,{},2023-08-29 18:41:06.026000+05:30
1693314286380,32.200001,{},2023-08-29 18:34:46.380000+05:30
1693313901808,32.5,{},2023-08-29 18:28:21.808000+05:30
1693313519678,32.700001,{},2023-08-29 18:21:59.678000+05:30
1693313137499,33.200001,{},2023-08-29 18:15:37.499000+05:30
1693312755255,33.099998,{},2023-08-29 18:09:15.255000+05:30
1693312373028,33.400002,{},2023-08-29 18:02:53.028000+05:30
1693311990733,33.5,{},2023-08-29 17:56:30.733000+05:30
1693311608389,33.599998,{},2023-08-29 17:50:08.389000+05:30
1693311226040,34.0,{},2023-08-29 17:43:46.040000+05:30
1693310843763,34.099998,{},2023-08-29 17:37:23.763000+05:30
1693310461343,34.299999,{},2023-08-29 17:31:01.343000+05:30
1693310078664,34.400002,{},2023-08-29 17:24:38.664000+05:30
1693309696179,34.400002,{},2023-08-29 17:18:16.179000+05:30
1693309313680,34.5,{},2023-08-29 17:11:53.680000+05:30
1693308931176,34.5,{},2023-08-29 17:05:31.176000+05:30
1693308548682,34.400002,{},2023-08-29 16:59:08.682000+05:30
1693308166211,34.200001,{},2023-08-29 16:52:46.211000+05:30
1693307783684,34.200001,{},2023-08-29 16:46:23.684000+05:30
1693307401247,34.5,{},2023-08-29 16:40:01.247000+05:30
1693307018730,34.200001,{},2023-08-29 16:33:38.730000+05:30
1693306636232,34.0,{},2023-08-29 16:27:16.232000+05:30
1693306253963,33.700001,{},2023-08-29 16:20:53.963000+05:30
1693305871483,34.0,{},2023-08-29 16:14:31.483000+05:30
1693305489010,34.400002,{},2023-08-29 16:08:09.010000+05:30
1693305106626,35.0,{},2023-08-29 16:01:46.626000+05:30
1693304726285,35.700001,{},2023-08-29 15:55:26.285000+05:30
1693304341749,35.5,{},2023-08-29 15:49:01.749000+05:30
1693303958910,35.799999,{},2023-08-29 15:42:38.910000+05:30
1693303582671,35.599998,{},2023-08-29 15:36:22.671000+05:30
1693303193727,35.200001,{},2023-08-29 15:29:53.727000+05:30
1693302811131,34.5,{},2023-08-29 15:23:31.131000+05:30
1693302428639,33.700001,{},2023-08-29 15:17:08.639000+05:30
1693302046440,33.5,{},2023-08-29 15:10:46.440000+05:30
1693301663882,33.5,{},2023-08-29 15:04:23.882000+05:30
1693301281592,33.700001,{},2023-08-29 14:58:01.592000+05:30
1693300899310,34.200001,{},2023-08-29 14:51:39.310000+05:30
1693300516736,34.799999,{},2023-08-29 14:45:16.736000+05:30
1693300134523,36.0,{},2023-08-29 14:38:54.523000+05:30
1693299751721,35.200001,{},2023-08-29 14:32:31.721000+05:30
1693299369096,34.400002,{},2023-08-29 14:26:09.096000+05:30
1693298986610,33.5,{},2023-08-29 14:19:46.610000+05:30
1693298604063,34.200001,{},2023-08-29 14:13:24.063000+05:30
1693298221614,34.700001,{},2023-08-29 14:07:01.614000+05:30
1693297839082,34.799999,{},2023-08-29 14:00:39.082000+05:30
1693297456565,34.799999,{},2023-08-29 13:54:16.565000+05:30
1693297074056,34.700001,{},2023-08-29 13:47:54.056000+05:30
1693296691535,34.599998,{},2023-08-29 13:41:31.535000+05:30
1693296309058,33.799999,{},2023-08-29 13:35:09.058000+05:30
1693295926519,34.099998,{},2023-08-29 13:28:46.519000+05:30
1693295544062,34.799999,{},2023-08-29 13:22:24.062000+05:30
1693295161533,35.099998,{},2023-08-29 13:16:01.533000+05:30
1693294779026,34.799999,{},2023-08-29 13:09:39.026000+05:30
1693294396486,34.0,{},2023-08-29 13:03:16.486000+05:30
1693294014001,33.5,{},2023-08-29 12:56:54.001000+05:30
1693293631595,33.700001,{},2023-08-29 12:50:31.595000+05:30
1693293249208,33.400002,{},2023-08-29 12:44:09.208000+05:30
1693292868695,32.400002,{},2023-08-29 12:37:48.695000+05:30
1693292484612,32.0,{},2023-08-29 12:31:24.612000+05:30
1693291365961,33.900002,{},2023-08-29 12:12:45.961000+05:30
1693290983289,33.700001,{},2023-08-29 12:06:23.289000+05:30
1693290600920,32.900002,{},2023-08-29 12:00:00.920000+05:30
1693290219690,33.599998,{},2023-08-29 11:53:39.690000+05:30
1693289836278,32.5,{},2023-08-29 11:47:16.278000+05:30
1693289454252,31.9,{},2023-08-29 11:40:54.252000+05:30
1693289074109,31.0,{},2023-08-29 11:34:34.109000+05:30
1693288689999,31.299999,{},2023-08-29 11:28:09.999000+05:30
1693288307920,31.5,{},2023-08-29 11:21:47.920000+05:30
1693287926179,31.700001,{},2023-08-29 11:15:26.179000+05:30
1693287543911,32.700001,{},2023-08-29 11:09:03.911000+05:30
1693287162731,33.0,{},2023-08-29 11:02:42.731000+05:30
1693286781443,32.599998,{},2023-08-29 10:56:21.443000+05:30
1693286397454,31.700001,{},2023-08-29 10:49:57.454000+05:30
1693286015190,31.200001,{},2023-08-29 10:43:35.190000+05:30
1693285633143,30.9,{},2023-08-29 10:37:13.143000+05:30
1693285251218,31.200001,{},2023-08-29 10:30:51.218000+05:30
1693284869310,31.0,{},2023-08-29 10:24:29.310000+05:30
1693284487357,30.4,{},2023-08-29 10:18:07.357000+05:30
1693284105456,29.799999,{},2023-08-29 10:11:45.456000+05:30
1693283732208,29.700001,{},2023-08-29 10:05:32.208000+05:30
1693283349836,29.5,{},2023-08-29 09:59:09.836000+05:30
1693282968091,29.0,{},2023-08-29 09:52:48.091000+05:30
1693282586382,28.700001,{},2023-08-29 09:46:26.382000+05:30
1693282204877,28.700001,{},2023-08-29 09:40:04.877000+05:30
1693281441324,29.1,{},2023-08-29 09:27:21.324000+05:30
1693250555330,27.0,{},2023-08-29 00:52:35.330000+05:30
1693249800576,27.200001,{},2023-08-29 00:40:00.576000+05:30
1693249419153,27.200001,{},2023-08-29 00:33:39.153000+05:30
1693249037692,27.200001,{},2023-08-29 00:27:17.692000+05:30
1693248656350,27.200001,{},2023-08-29 00:20:56.350000+05:30
1693247893744,27.200001,{},2023-08-29 00:08:13.744000+05:30
1693247512113,27.4,{},2023-08-29 00:01:52.113000+05:30
1693247133906,27.4,{},2023-08-28 23:55:33.906000+05:30
1693246749233,27.5,{},2023-08-28 23:49:09.233000+05:30
1693246375808,27.5,{},2023-08-28 23:42:55.808000+05:30
1693245994363,27.6,{},2023-08-28 23:36:34.363000+05:30
1693245613003,27.6,{},2023-08-28 23:30:13.003000+05:30
1693245231510,27.700001,{},2023-08-28 23:23:51.510000+05:30
1693244850056,27.6,{},2023-08-28 23:17:30.056000+05:30
1693244469687,27.799999,{},2023-08-28 23:11:09.687000+05:30
1693244087130,27.6,{},2023-08-28 23:04:47.130000+05:30
1693243705687,27.799999,{},2023-08-28 22:58:25.687000+05:30
1693243324345,27.799999,{},2023-08-28 22:52:04.345000+05:30
1693242942727,28.0,{},2023-08-28 22:45:42.727000+05:30
1693242561291,27.799999,{},2023-08-28 22:39:21.291000+05:30
1693242179778,27.9,{},2023-08-28 22:32:59.778000+05:30
1693241798270,28.0,{},2023-08-28 22:26:38.270000+05:30
1693241416782,28.0,{},2023-08-28 22:20:16.782000+05:30
1693241035274,28.0,{},2023-08-28 22:13:55.274000+05:30
1693240658353,28.200001,{},2023-08-28 22:07:38.353000+05:30
1693240272277,28.200001,{},2023-08-28 22:01:12.277000+05:30
1693239890765,28.4,{},2023-08-28 21:54:50.765000+05:30
1693239509249,28.4,{},2023-08-28 21:48:29.249000+05:30
1693239127693,28.4,{},2023-08-28 21:42:07.693000+05:30
1693238746741,28.200001,{},2023-08-28 21:35:46.741000+05:30
1693238364629,28.4,{},2023-08-28 21:29:24.629000+05:30
1693237983143,28.4,{},2023-08-28 21:23:03.143000+05:30
1693237601540,28.200001,{},2023-08-28 21:16:41.540000+05:30
1693237220228,28.200001,{},2023-08-28 21:10:20.228000+05:30
1693236838406,28.4,{},2023-08-28 21:03:58.406000+05:30
1693236456890,28.4,{},2023-08-28 20:57:36.890000+05:30
1693236075265,28.5,{},2023-08-28 20:51:15.265000+05:30
1693235693676,28.5,{},2023-08-28 20:44:53.676000+05:30
1693235312378,28.700001,{},2023-08-28 20:38:32.378000+05:30
1693234930532,28.700001,{},2023-08-28 20:32:10.532000+05:30
1693234548844,28.799999,{},2023-08-28 20:25:48.844000+05:30
1693234086235,29.0,{},2023-08-28 20:18:06.235000+05:30
1693233704532,29.0,{},2023-08-28 20:11:44.532000+05:30
1693233322810,29.1,{},2023-08-28 20:05:22.810000+05:30
1693232941193,29.200001,{},2023-08-28 19:59:01.193000+05:30
1693232559370,29.200001,{},2023-08-28 19:52:39.370000+05:30
1693232179822,29.4,{},2023-08-28 19:46:19.822000+05:30
1693231795941,29.299999,{},2023-08-28 19:39:55.941000+05:30
1693231414404,29.299999,{},2023-08-28 19:33:34.404000+05:30
1693231032316,29.6,{},2023-08-28 19:27:12.316000+05:30
1693230650490,29.6,{},2023-08-28 19:20:50.490000+05:30
1693230268697,29.700001,{},2023-08-28 19:14:28.697000+05:30
1693229886881,29.799999,{},2023-08-28 19:08:06.881000+05:30
1693229505443,29.799999,{},2023-08-28 19:01:45.443000+05:30
1693229123154,30.200001,{},2023-08-28 18:55:23.154000+05:30
1693228741245,30.200001,{},2023-08-28 18:49:01.245000+05:30
1693228359596,30.6,{},2023-08-28 18:42:39.596000+05:30
1693227977658,30.799999,{},2023-08-28 18:36:17.658000+05:30
1693227595394,31.0,{},2023-08-28 18:29:55.394000+05:30
1693227213362,31.299999,{},2023-08-28 18:23:33.362000+05:30
1693226831311,31.5,{},2023-08-28 18:17:11.311000+05:30
1693226449307,31.5,{},2023-08-28 18:10:49.307000+05:30
1693226067080,32.0,{},2023-08-28 18:04:27.080000+05:30
1693225684879,32.0,{},2023-08-28 17:58:04.879000+05:30
1693225302630,32.0,{},2023-08-28 17:51:42.630000+05:30
1693224920412,32.5,{},2023-08-28 17:45:20.412000+05:30
1693224538453,32.799999,{},2023-08-28 17:38:58.453000+05:30
1693223009111,33.099998,{},2023-08-28 17:13:29.111000+05:30
1693222626477,33.400002,{},2023-08-28 17:07:06.477000+05:30
1693222243857,33.700001,{},2023-08-28 17:00:43.857000+05:30
1693221861550,33.5,{},2023-08-28 16:54:21.550000+05:30
1693221478980,33.5,{},2023-08-28 16:47:58.980000+05:30
1693221096569,33.200001,{},2023-08-28 16:41:36.569000+05:30
1693220714227,32.200001,{},2023-08-28 16:35:14.227000+05:30
1693214368775,34.400002,{},2023-08-28 14:49:28.775000+05:30
1693213986365,34.599998,{},2023-08-28 14:43:06.365000+05:30
1693213603776,34.700001,{},2023-08-28 14:36:43.776000+05:30
1693213221255,35.099998,{},2023-08-28 14:30:21.255000+05:30
1693212838788,35.5,{},2023-08-28 14:23:58.788000+05:30
1693212456134,35.0,{},2023-08-28 14:17:36.134000+05:30
1693212073592,34.799999,{},2023-08-28 14:11:13.592000+05:30
1693211691103,33.700001,{},2023-08-28 14:04:51.103000+05:30
1693211308762,32.599998,{},2023-08-28 13:58:28.762000+05:30
1693210926330,32.700001,{},2023-08-28 13:52:06.330000+05:30
1693210544132,32.700001,{},2023-08-28 13:45:44.132000+05:30
1693210161948,32.799999,{},2023-08-28 13:39:21.948000+05:30
1693209779774,32.599998,{},2023-08-28 13:32:59.774000+05:30
1693209397603,31.299999,{},2023-08-28 13:26:37.603000+05:30
1693207340822,34.0,{},2023-08-28 12:52:20.822000+05:30
1693206958577,32.700001,{},2023-08-28 12:45:58.577000+05:30
1693206576491,32.5,{},2023-08-28 12:39:36.491000+05:30
1693206194513,32.700001,{},2023-08-28 12:33:14.513000+05:30
1693147779256,27.200001,{},2023-08-27 20:19:39.256000+05:30
1693147397851,27.5,{},2023-08-27 20:13:17.851000+05:30
1693147016452,27.6,{},2023-08-27 20:06:56.452000+05:30
1693146634999,27.6,{},2023-08-27 20:00:34.999000+05:30
1693146253547,27.799999,{},2023-08-27 19:54:13.547000+05:30
1693145872104,27.799999,{},2023-08-27 19:47:52.104000+05:30
1693145491027,27.799999,{},2023-08-27 19:41:31.027000+05:30
1693145109239,27.9,{},2023-08-27 19:35:09.239000+05:30
1693144727785,28.0,{},2023-08-27 19:28:47.785000+05:30
1693144348399,28.1,{},2023-08-27 19:22:28.399000+05:30
1693143964898,28.200001,{},2023-08-27 19:16:04.898000+05:30
1693143583502,28.299999,{},2023-08-27 19:09:43.502000+05:30
1693143202007,28.5,{},2023-08-27 19:03:22.007000+05:30
1693142820563,28.4,{},2023-08-27 18:57:00.563000+05:30
1693142438783,28.6,{},2023-08-27 18:50:38.783000+05:30
1693142057226,28.799999,{},2023-08-27 18:44:17.226000+05:30
1693141675860,28.9,{},2023-08-27 18:37:55.860000+05:30
1693141294204,28.799999,{},2023-08-27 18:31:34.204000+05:30
1693140912442,28.9,{},2023-08-27 18:25:12.442000+05:30
1693140530849,29.0,{},2023-08-27 18:18:50.849000+05:30
1693140149170,29.200001,{},2023-08-27 18:12:29.170000+05:30
1693139767545,29.299999,{},2023-08-27 18:06:07.545000+05:30
1693139386899,29.4,{},2023-08-27 17:59:46.899000+05:30
1693139004299,29.5,{},2023-08-27 17:53:24.299000+05:30
1693138622530,29.5,{},2023-08-27 17:47:02.530000+05:30
1693138240774,29.6,{},2023-08-27 17:40:40.774000+05:30
1693137859113,29.700001,{},2023-08-27 17:34:19.113000+05:30
1693137477356,29.799999,{},2023-08-27 17:27:57.356000+05:30
1693137095634,29.700001,{},2023-08-27 17:21:35.634000+05:30
1693136714032,29.5,{},2023-08-27 17:15:14.032000+05:30
1693136332247,29.200001,{},2023-08-27 17:08:52.247000+05:30
1693135950717,29.200001,{},2023-08-27 17:02:30.717000+05:30
1693135568968,28.9,{},2023-08-27 16:56:08.968000+05:30
1693135187358,29.0,{},2023-08-27 16:49:47.358000+05:30
1693134805618,28.9,{},2023-08-27 16:43:25.618000+05:30
1693134424028,28.799999,{},2023-08-27 16:37:04.028000+05:30
1693134042362,28.799999,{},2023-08-27 16:30:42.362000+05:30
1693133660763,28.700001,{},2023-08-27 16:24:20.763000+05:30
1693133279605,28.700001,{},2023-08-27 16:17:59.605000+05:30
1693132897577,28.799999,{},2023-08-27 16:11:37.577000+05:30
1693132515967,28.9,{},2023-08-27 16:05:15.967000+05:30
1693132134567,28.700001,{},2023-08-27 15:58:54.567000+05:30
1693131753318,28.4,{},2023-08-27 15:52:33.318000+05:30
1693131371199,28.299999,{},2023-08-27 15:46:11.199000+05:30
1693125647035,28.5,{},2023-08-27 14:10:47.035000+05:30
1693125265437,28.5,{},2023-08-27 14:04:25.437000+05:30
1693124883862,28.4,{},2023-08-27 13:58:03.862000+05:30
1693123739056,28.799999,{},2023-08-27 13:38:59.056000+05:30
1693123357461,28.700001,{},2023-08-27 13:32:37.461000+05:30
1693122975887,28.700001,{},2023-08-27 13:26:15.887000+05:30
1693122594349,29.0,{},2023-08-27 13:19:54.349000+05:30
1693122212724,28.799999,{},2023-08-27 13:13:32.724000+05:30
1693119283778,28.700001,{},2023-08-27 12:24:43.778000+05:30
1693115429997,29.700001,{},2023-08-27 11:20:29.997000+05:30
1693115048292,29.700001,{},2023-08-27 11:14:08.292000+05:30
1693114666543,29.9,{},2023-08-27 11:07:46.543000+05:30
1693114284832,30.0,{},2023-08-27 11:01:24.832000+05:30
1693113903070,30.0,{},2023-08-27 10:55:03.070000+05:30
1693113523279,29.799999,{},2023-08-27 10:48:43.279000+05:30
1693113139660,29.700001,{},2023-08-27 10:42:19.660000+05:30
1693112757876,29.9,{},2023-08-27 10:35:57.876000+05:30
1693112376140,30.4,{},2023-08-27 10:29:36.140000+05:30
1693111994397,30.6,{},2023-08-27 10:23:14.397000+05:30
1693111612586,30.299999,{},2023-08-27 10:16:52.586000+05:30
1693111231310,30.299999,{},2023-08-27 10:10:31.310000+05:30
1693110849056,29.799999,{},2023-08-27 10:04:09.056000+05:30
1693110467560,29.799999,{},2023-08-27 09:57:47.560000+05:30
1693110085929,29.700001,{},2023-08-27 09:51:25.929000+05:30
1693109705096,29.700001,{},2023-08-27 09:45:05.096000+05:30
1693109322152,0.0,{},2023-08-27 09:38:42.152000+05:30
1693074104264,28.4,{},2023-08-26 23:51:44.264000+05:30
1693073722737,28.4,{},2023-08-26 23:45:22.737000+05:30
1693073341206,28.6,{},2023-08-26 23:39:01.206000+05:30
1693072959670,28.799999,{},2023-08-26 23:32:39.670000+05:30
1693072578094,28.799999,{},2023-08-26 23:26:18.094000+05:30
1693072196515,28.799999,{},2023-08-26 23:19:56.515000+05:30
1693071815015,28.799999,{},2023-08-26 23:13:35.015000+05:30
1693071433351,28.799999,{},2023-08-26 23:07:13.351000+05:30
1693071052342,28.799999,{},2023-08-26 23:00:52.342000+05:30
1693070670202,28.700001,{},2023-08-26 22:54:30.202000+05:30
1693070288656,28.799999,{},2023-08-26 22:48:08.656000+05:30
1693069907106,28.799999,{},2023-08-26 22:41:47.106000+05:30
1693069525527,28.700001,{},2023-08-26 22:35:25.527000+05:30
1693069144151,28.6,{},2023-08-26 22:29:04.151000+05:30
1693068762371,28.5,{},2023-08-26 22:22:42.371000+05:30
1693068380808,28.5,{},2023-08-26 22:16:20.808000+05:30
1693067999370,28.5,{},2023-08-26 22:09:59.370000+05:30
1693067617703,28.6,{},2023-08-26 22:03:37.703000+05:30
1693067236131,28.700001,{},2023-08-26 21:57:16.131000+05:30
1693066854557,28.6,{},2023-08-26 21:50:54.557000+05:30
1693066472976,28.5,{},2023-08-26 21:44:32.976000+05:30
1693065709852,28.1,{},2023-08-26 21:31:49.852000+05:30
1693065328342,27.799999,{},2023-08-26 21:25:28.342000+05:30
1693064946932,27.299999,{},2023-08-26 21:19:06.932000+05:30
1693063838018,28.6,{},2023-08-26 21:00:38.018000+05:30
1693063456401,28.5,{},2023-08-26 20:54:16.401000+05:30
1693063075092,28.4,{},2023-08-26 20:47:55.092000+05:30
1693062695633,28.4,{},2023-08-26 20:41:35.633000+05:30
1693062311700,28.4,{},2023-08-26 20:35:11.700000+05:30
1693061930158,28.799999,{},2023-08-26 20:28:50.158000+05:30
1693061548413,28.700001,{},2023-08-26 20:22:28.413000+05:30
1693061166671,28.799999,{},2023-08-26 20:16:06.671000+05:30
1693060784940,28.700001,{},2023-08-26 20:09:44.940000+05:30
1693060403273,28.700001,{},2023-08-26 20:03:23.273000+05:30
1693060021963,28.799999,{},2023-08-26 19:57:01.963000+05:30
1693059639888,28.799999,{},2023-08-26 19:50:39.888000+05:30
1693059258195,29.0,{},2023-08-26 19:44:18.195000+05:30
1693058876431,29.1,{},2023-08-26 19:37:56.431000+05:30
1693058494651,29.0,{},2023-08-26 19:31:34.651000+05:30
1693058112907,29.1,{},2023-08-26 19:25:12.907000+05:30
1693057731148,29.200001,{},2023-08-26 19:18:51.148000+05:30
1693057350222,29.299999,{},2023-08-26 19:12:30.222000+05:30
1693056968173,29.4,{},2023-08-26 19:06:08.173000+05:30
1693056585810,29.299999,{},2023-08-26 18:59:45.810000+05:30
1693056204120,29.6,{},2023-08-26 18:53:24.120000+05:30
1693055822292,29.9,{},2023-08-26 18:47:02.292000+05:30
1693055440348,30.200001,{},2023-08-26 18:40:40.348000+05:30
1693055058396,30.299999,{},2023-08-26 18:34:18.396000+05:30
1693054676480,30.299999,{},2023-08-26 18:27:56.480000+05:30
1693054294594,30.299999,{},2023-08-26 18:21:34.594000+05:30
1693053912574,30.200001,{},2023-08-26 18:15:12.574000+05:30
1693053530607,29.799999,{},2023-08-26 18:08:50.607000+05:30
1693052315713,31.9,{},2023-08-26 17:48:35.713000+05:30
1693051933350,32.400002,{},2023-08-26 17:42:13.350000+05:30
1693051551110,32.5,{},2023-08-26 17:35:51.110000+05:30
1693051168836,32.5,{},2023-08-26 17:29:28.836000+05:30
1693050786731,32.700001,{},2023-08-26 17:23:06.731000+05:30
1693050404279,32.900002,{},2023-08-26 17:16:44.279000+05:30
1693050021977,33.0,{},2023-08-26 17:10:21.977000+05:30
1693049639623,33.299999,{},2023-08-26 17:03:59.623000+05:30
1693049257236,33.299999,{},2023-08-26 16:57:37.236000+05:30
1693048874984,33.200001,{},2023-08-26 16:51:14.984000+05:30
1693048492433,33.5,{},2023-08-26 16:44:52.433000+05:30
1693048110033,33.299999,{},2023-08-26 16:38:30.033000+05:30
1693047727636,33.299999,{},2023-08-26 16:32:07.636000+05:30
1693047345213,33.5,{},2023-08-26 16:25:45.213000+05:30
1693046962782,33.900002,{},2023-08-26 16:19:22.782000+05:30
1693046580293,34.200001,{},2023-08-26 16:13:00.293000+05:30
1693046197875,33.900002,{},2023-08-26 16:06:37.875000+05:30
1693045815330,33.799999,{},2023-08-26 16:00:15.330000+05:30
1693045050456,33.900002,{},2023-08-26 15:47:30.456000+05:30
1693044668023,33.5,{},2023-08-26 15:41:08.023000+05:30
1693043903254,33.0,{},2023-08-26 15:28:23.254000+05:30
1693043520936,32.900002,{},2023-08-26 15:22:00.936000+05:30
1692965706896,29.799999,{},2023-08-25 17:45:06.896000+05:30
1692965324813,29.9,{},2023-08-25 17:38:44.813000+05:30
1692964942993,30.0,{},2023-08-25 17:32:22.993000+05:30
1692964561037,30.4,{},2023-08-25 17:26:01.037000+05:30
1692964179136,30.799999,{},2023-08-25 17:19:39.136000+05:30
1692963797195,31.0,{},2023-08-25 17:13:17.195000+05:30
1692963415197,30.9,{},2023-08-25 17:06:55.197000+05:30
1692963033239,30.4,{},2023-08-25 17:00:33.239000+05:30
1692962651579,30.6,{},2023-08-25 16:54:11.579000+05:30
1692962269557,30.799999,{},2023-08-25 16:47:49.557000+05:30
1692961887414,31.0,{},2023-08-25 16:41:27.414000+05:30
1692961505357,31.4,{},2023-08-25 16:35:05.357000+05:30
1692961123229,31.700001,{},2023-08-25 16:28:43.229000+05:30
1692960741154,32.400002,{},2023-08-25 16:22:21.154000+05:30
1692960358960,33.299999,{},2023-08-25 16:15:58.960000+05:30
1692959976650,33.700001,{},2023-08-25 16:09:36.650000+05:30
1692959595195,33.799999,{},2023-08-25 16:03:15.195000+05:30
1692959211886,33.200001,{},2023-08-25 15:56:51.886000+05:30
1692958829590,32.099998,{},2023-08-25 15:50:29.590000+05:30
1692958447335,31.799999,{},2023-08-25 15:44:07.335000+05:30
1692958065223,31.700001,{},2023-08-25 15:37:45.223000+05:30
1692957683268,31.5,{},2023-08-25 15:31:23.268000+05:30
1692957303111,31.700001,{},2023-08-25 15:25:03.111000+05:30
1692956919183,31.700001,{},2023-08-25 15:18:39.183000+05:30
1692956536993,31.200001,{},2023-08-25 15:12:16.993000+05:30
1692956154748,31.5,{},2023-08-25 15:05:54.748000+05:30
1692955772663,31.700001,{},2023-08-25 14:59:32.663000+05:30
1692955390538,32.200001,{},2023-08-25 14:53:10.538000+05:30
1692955008370,33.200001,{},2023-08-25 14:46:48.370000+05:30
1692954626083,32.900002,{},2023-08-25 14:40:26.083000+05:30
1692954243781,33.099998,{},2023-08-25 14:34:03.781000+05:30
1692953861502,33.400002,{},2023-08-25 14:27:41.502000+05:30
1692953479230,33.200001,{},2023-08-25 14:21:19.230000+05:30
1692953096944,32.099998,{},2023-08-25 14:14:56.944000+05:30
1692952714743,31.6,{},2023-08-25 14:08:34.743000+05:30
1692952332674,31.4,{},2023-08-25 14:02:12.674000+05:30
1692951950634,31.200001,{},2023-08-25 13:55:50.634000+05:30
1692951568836,31.6,{},2023-08-25 13:49:28.836000+05:30
1692951186554,31.799999,{},2023-08-25 13:43:06.554000+05:30
1692950804905,31.9,{},2023-08-25 13:36:44.905000+05:30
1692950422665,31.9,{},2023-08-25 13:30:22.665000+05:30
1692950040300,31.700001,{},2023-08-25 13:24:00.300000+05:30
1692949658188,31.5,{},2023-08-25 13:17:38.188000+05:30
1692949276155,31.5,{},2023-08-25 13:11:16.155000+05:30
1692948894268,31.299999,{},2023-08-25 13:04:54.268000+05:30
1692948512042,31.1,{},2023-08-25 12:58:32.042000+05:30
1692948130048,31.200001,{},2023-08-25 12:52:10.048000+05:30
1692947748030,31.1,{},2023-08-25 12:45:48.030000+05:30
1692947365993,31.4,{},2023-08-25 12:39:25.993000+05:30
1692946983983,31.5,{},2023-08-25 12:33:03.983000+05:30
1692946601886,31.9,{},2023-08-25 12:26:41.886000+05:30
1692946219774,32.200001,{},2023-08-25 12:20:19.774000+05:30
1692945837638,32.700001,{},2023-08-25 12:13:57.638000+05:30
1692945455415,33.299999,{},2023-08-25 12:07:35.415000+05:30
1692945073180,32.700001,{},2023-08-25 12:01:13.180000+05:30
1692944690941,32.299999,{},2023-08-25 11:54:50.941000+05:30
1692944309429,32.400002,{},2023-08-25 11:48:29.429000+05:30
1692943926567,32.599998,{},2023-08-25 11:42:06.567000+05:30
1692943544518,32.400002,{},2023-08-25 11:35:44.518000+05:30
1692943162329,32.099998,{},2023-08-25 11:29:22.329000+05:30
1692942780122,31.700001,{},2023-08-25 11:23:00.122000+05:30
1692942398049,32.0,{},2023-08-25 11:16:38.049000+05:30
1692942016100,31.200001,{},2023-08-25 11:10:16.100000+05:30
1692941634025,31.0,{},2023-08-25 11:03:54.025000+05:30
1692941252010,31.200001,{},2023-08-25 10:57:32.010000+05:30
1692940870026,30.5,{},2023-08-25 10:51:10.026000+05:30
1692940488095,31.0,{},2023-08-25 10:44:48.095000+05:30
1692940106186,31.0,{},2023-08-25 10:38:26.186000+05:30
1692939724255,30.799999,{},2023-08-25 10:32:04.255000+05:30
1692939342461,30.200001,{},2023-08-25 10:25:42.461000+05:30
1692938960524,29.799999,{},2023-08-25 10:19:20.524000+05:30
1692938578702,29.6,{},2023-08-25 10:12:58.702000+05:30
1692938196955,29.5,{},2023-08-25 10:06:36.955000+05:30
1692937815202,29.4,{},2023-08-25 10:00:15.202000+05:30
1692937433479,29.299999,{},2023-08-25 09:53:53.479000+05:30
1692937051754,29.5,{},2023-08-25 09:47:31.754000+05:30
1692936670020,29.700001,{},2023-08-25 09:41:10.020000+05:30
1692936288260,29.5,{},2023-08-25 09:34:48.260000+05:30
1692935906516,29.200001,{},2023-08-25 09:28:26.516000+05:30
1692935525070,29.200001,{},2023-08-25 09:22:05.070000+05:30
1692935143069,29.299999,{},2023-08-25 09:15:43.069000+05:30
1692934761364,29.200001,{},2023-08-25 09:09:21.364000+05:30
1692934379703,29.5,{},2023-08-25 09:02:59.703000+05:30
1692933997978,29.299999,{},2023-08-25 08:56:37.978000+05:30
1692933616305,28.700001,{},2023-08-25 08:50:16.305000+05:30
1692933234653,28.4,{},2023-08-25 08:43:54.653000+05:30
1692932853150,28.299999,{},2023-08-25 08:37:33.150000+05:30
1692932471663,28.1,{},2023-08-25 08:31:11.663000+05:30
1692932090153,28.1,{},2023-08-25 08:24:50.153000+05:30
1692931708675,27.9,{},2023-08-25 08:18:28.675000+05:30
1692931327343,28.1,{},2023-08-25 08:12:07.343000+05:30
1692930945761,28.1,{},2023-08-25 08:05:45.761000+05:30
1692930182836,26.6,{},2023-08-25 07:53:02.836000+05:30
1692915318966,26.6,{},2023-08-25 03:45:18.966000+05:30
1692914937671,26.799999,{},2023-08-25 03:38:57.671000+05:30
1692914556386,26.799999,{},2023-08-25 03:32:36.386000+05:30
1692914175126,26.799999,{},2023-08-25 03:26:15.126000+05:30
1692913794070,26.799999,{},2023-08-25 03:19:54.070000+05:30
1692913412646,26.799999,{},2023-08-25 03:13:32.646000+05:30
1692913031258,26.799999,{},2023-08-25 03:07:11.258000+05:30
1692912649934,26.799999,{},2023-08-25 03:00:49.934000+05:30
1692912268711,27.0,{},2023-08-25 02:54:28.711000+05:30
1692911887356,27.1,{},2023-08-25 02:48:07.356000+05:30
1692911506047,27.1,{},2023-08-25 02:41:46.047000+05:30
1692911124765,26.9,{},2023-08-25 02:35:24.765000+05:30
1692910362056,27.1,{},2023-08-25 02:22:42.056000+05:30
1692909980759,27.200001,{},2023-08-25 02:16:20.759000+05:30
1692909599512,27.299999,{},2023-08-25 02:09:59.512000+05:30
1692909218117,27.299999,{},2023-08-25 02:03:38.117000+05:30
1692908836783,27.4,{},2023-08-25 01:57:16.783000+05:30
1692908455421,27.299999,{},2023-08-25 01:50:55.421000+05:30
1692908074078,27.299999,{},2023-08-25 01:44:34.078000+05:30
1692907692717,27.299999,{},2023-08-25 01:38:12.717000+05:30
1692907311370,27.4,{},2023-08-25 01:31:51.370000+05:30
1692906929999,27.299999,{},2023-08-25 01:25:29.999000+05:30
1692906549606,27.299999,{},2023-08-25 01:19:09.606000+05:30
1692906167295,27.200001,{},2023-08-25 01:12:47.295000+05:30
1692905785973,27.299999,{},2023-08-25 01:06:25.973000+05:30
1692905404655,27.299999,{},2023-08-25 01:00:04.655000+05:30
1692905023295,27.299999,{},2023-08-25 00:53:43.295000+05:30
1692904641877,27.4,{},2023-08-25 00:47:21.877000+05:30
1692904260538,27.4,{},2023-08-25 00:41:00.538000+05:30
1692903879134,27.5,{},2023-08-25 00:34:39.134000+05:30
1692903497757,27.6,{},2023-08-25 00:28:17.757000+05:30
1692903116399,27.5,{},2023-08-25 00:21:56.399000+05:30
1692902735007,27.4,{},2023-08-25 00:15:35.007000+05:30
1692902353602,27.5,{},2023-08-25 00:09:13.602000+05:30
1692901972215,27.4,{},2023-08-25 00:02:52.215000+05:30
1692901590933,27.5,{},2023-08-24 23:56:30.933000+05:30
1692901209568,27.6,{},2023-08-24 23:50:09.568000+05:30
1692900828152,27.700001,{},2023-08-24 23:43:48.152000+05:30
1692900446730,27.700001,{},2023-08-24 23:37:26.730000+05:30
1692900065394,27.700001,{},2023-08-24 23:31:05.394000+05:30
1692899683987,27.700001,{},2023-08-24 23:24:43.987000+05:30
1692899302646,27.6,{},2023-08-24 23:18:22.646000+05:30
1692898921233,27.5,{},2023-08-24 23:12:01.233000+05:30
1692898539901,27.6,{},2023-08-24 23:05:39.901000+05:30
1692898158487,27.700001,{},2023-08-24 22:59:18.487000+05:30
1692897777173,27.799999,{},2023-08-24 22:52:57.173000+05:30
1692897396306,27.799999,{},2023-08-24 22:46:36.306000+05:30
1692897014316,27.700001,{},2023-08-24 22:40:14.316000+05:30
1692896632918,27.6,{},2023-08-24 22:33:52.918000+05:30
1692896251496,27.5,{},2023-08-24 22:27:31.496000+05:30
1692895870086,27.799999,{},2023-08-24 22:21:10.086000+05:30
1692895488734,27.700001,{},2023-08-24 22:14:48.734000+05:30
1692895107353,27.6,{},2023-08-24 22:08:27.353000+05:30
1692894725946,27.6,{},2023-08-24 22:02:05.946000+05:30
1692894344545,27.6,{},2023-08-24 21:55:44.545000+05:30
1692893963262,27.700001,{},2023-08-24 21:49:23.262000+05:30
1692893581719,27.5,{},2023-08-24 21:43:01.719000+05:30
1692893200354,27.700001,{},2023-08-24 21:36:40.354000+05:30
1692892818957,27.799999,{},2023-08-24 21:30:18.957000+05:30
1692892437701,27.9,{},2023-08-24 21:23:57.701000+05:30
1692892057844,27.799999,{},2023-08-24 21:17:37.844000+05:30
1692891674666,27.799999,{},2023-08-24 21:11:14.666000+05:30
1692891293365,27.700001,{},2023-08-24 21:04:53.365000+05:30
1692890911773,28.0,{},2023-08-24 20:58:31.773000+05:30
1692890530340,28.1,{},2023-08-24 20:52:10.340000+05:30
1692890148868,28.299999,{},2023-08-24 20:45:48.868000+05:30
1692889713514,28.0,{},2023-08-24 20:38:33.514000+05:30
1692889331995,28.0,{},2023-08-24 20:32:11.995000+05:30
1692888950425,28.1,{},2023-08-24 20:25:50.425000+05:30
1692888568956,28.1,{},2023-08-24 20:19:28.956000+05:30
1692888187662,28.1,{},2023-08-24 20:13:07.662000+05:30
1692887805900,28.299999,{},2023-08-24 20:06:45.900000+05:30
1692887424359,28.200001,{},2023-08-24 20:00:24.359000+05:30
1692887042850,28.4,{},2023-08-24 19:54:02.850000+05:30
1692886661290,28.799999,{},2023-08-24 19:47:41.290000+05:30
1692886279736,28.9,{},2023-08-24 19:41:19.736000+05:30
1692885898115,29.1,{},2023-08-24 19:34:58.115000+05:30
1692885518316,29.0,{},2023-08-24 19:28:38.316000+05:30
1692885134912,29.0,{},2023-08-24 19:22:14.912000+05:30
1692884753273,28.799999,{},2023-08-24 19:15:53.273000+05:30
1692884371642,28.9,{},2023-08-24 19:09:31.642000+05:30
1692883989979,29.200001,{},2023-08-24 19:03:09.979000+05:30
1692883608342,29.200001,{},2023-08-24 18:56:48.342000+05:30
1692883228114,29.1,{},2023-08-24 18:50:28.114000+05:30
1692882844879,29.1,{},2023-08-24 18:44:04.879000+05:30
1692882463165,29.200001,{},2023-08-24 18:37:43.165000+05:30
1692882081544,29.5,{},2023-08-24 18:31:21.544000+05:30
1692881699782,29.4,{},2023-08-24 18:24:59.782000+05:30
1692881318251,29.5,{},2023-08-24 18:18:38.251000+05:30
1692880937841,29.6,{},2023-08-24 18:12:17.841000+05:30
1692880554424,29.9,{},2023-08-24 18:05:54.424000+05:30
1692880172593,30.0,{},2023-08-24 17:59:32.593000+05:30
1692879791069,30.0,{},2023-08-24 17:53:11.069000+05:30
1692879409216,30.0,{},2023-08-24 17:46:49.216000+05:30
1692879027294,29.799999,{},2023-08-24 17:40:27.294000+05:30
1692878646397,29.9,{},2023-08-24 17:34:06.397000+05:30
1692878263440,29.9,{},2023-08-24 17:27:43.440000+05:30
1692877881606,30.1,{},2023-08-24 17:21:21.606000+05:30
1692877499770,30.5,{},2023-08-24 17:14:59.770000+05:30
1692877117860,31.1,{},2023-08-24 17:08:37.860000+05:30
1692876735889,31.700001,{},2023-08-24 17:02:15.889000+05:30
1692876353876,31.700001,{},2023-08-24 16:55:53.876000+05:30
1692875971977,31.5,{},2023-08-24 16:49:31.977000+05:30
1692875589763,30.5,{},2023-08-24 16:43:09.763000+05:30
1692875207802,30.700001,{},2023-08-24 16:36:47.802000+05:30
1692874825872,30.700001,{},2023-08-24 16:30:25.872000+05:30
1692874443932,30.700001,{},2023-08-24 16:24:03.932000+05:30
1692874061969,30.700001,{},2023-08-24 16:17:41.969000+05:30
1692873680123,30.700001,{},2023-08-24 16:11:20.123000+05:30
1692873298092,30.6,{},2023-08-24 16:04:58.092000+05:30
1692872916209,30.799999,{},2023-08-24 15:58:36.209000+05:30
1692872534210,30.700001,{},2023-08-24 15:52:14.210000+05:30
1692872152283,30.5,{},2023-08-24 15:45:52.283000+05:30
1692871770383,30.0,{},2023-08-24 15:39:30.383000+05:30
1692867716788,31.200001,{},2023-08-24 14:31:56.788000+05:30
1692867334786,31.299999,{},2023-08-24 14:25:34.786000+05:30
1692866952779,31.200001,{},2023-08-24 14:19:12.779000+05:30
1692866570773,31.6,{},2023-08-24 14:12:50.773000+05:30
1692866189003,31.299999,{},2023-08-24 14:06:29.003000+05:30
1692865806926,31.799999,{},2023-08-24 14:00:06.926000+05:30
1692865424694,32.5,{},2023-08-24 13:53:44.694000+05:30
1692865042581,31.799999,{},2023-08-24 13:47:22.581000+05:30
1692864660444,31.700001,{},2023-08-24 13:41:00.444000+05:30
1692864278383,32.0,{},2023-08-24 13:34:38.383000+05:30
1692863896325,31.799999,{},2023-08-24 13:28:16.325000+05:30
1692863514256,31.799999,{},2023-08-24 13:21:54.256000+05:30
1692863132229,31.799999,{},2023-08-24 13:15:32.229000+05:30
1692862750156,31.9,{},2023-08-24 13:09:10.156000+05:30
1692862368089,31.1,{},2023-08-24 13:02:48.089000+05:30
1692861986094,31.200001,{},2023-08-24 12:56:26.094000+05:30
1692861604159,30.6,{},2023-08-24 12:50:04.159000+05:30
1692861222244,30.0,{},2023-08-24 12:43:42.244000+05:30
1692860840374,30.1,{},2023-08-24 12:37:20.374000+05:30
1692860458821,30.200001,{},2023-08-24 12:30:58.821000+05:30
1692860076684,30.5,{},2023-08-24 12:24:36.684000+05:30
1692859694850,31.200001,{},2023-08-24 12:18:14.850000+05:30
1692859312881,31.4,{},2023-08-24 12:11:52.881000+05:30
1692858930917,31.1,{},2023-08-24 12:05:30.917000+05:30
1692858549439,31.299999,{},2023-08-24 11:59:09.439000+05:30
1692858166989,31.200001,{},2023-08-24 11:52:46.989000+05:30
1692857785052,31.200001,{},2023-08-24 11:46:25.052000+05:30
1692857403077,31.0,{},2023-08-24 11:40:03.077000+05:30
1692857021122,31.1,{},2023-08-24 11:33:41.122000+05:30
1692856639180,31.0,{},2023-08-24 11:27:19.180000+05:30
1692856257955,30.0,{},2023-08-24 11:20:57.955000+05:30
1692855875399,29.9,{},2023-08-24 11:14:35.399000+05:30
1692855493714,30.1,{},2023-08-24 11:08:13.714000+05:30
1692855111813,30.299999,{},2023-08-24 11:01:51.813000+05:30
1692854732073,30.6,{},2023-08-24 10:55:32.073000+05:30
1692854348145,30.700001,{},2023-08-24 10:49:08.145000+05:30
1692853966460,30.700001,{},2023-08-24 10:42:46.460000+05:30
1692853584461,30.5,{},2023-08-24 10:36:24.461000+05:30
1692853202539,30.5,{},2023-08-24 10:30:02.539000+05:30
1692852820688,30.700001,{},2023-08-24 10:23:40.688000+05:30
1692852438849,30.700001,{},2023-08-24 10:17:18.849000+05:30
1692852056990,30.5,{},2023-08-24 10:10:56.990000+05:30
1692851675114,31.0,{},2023-08-24 10:04:35.114000+05:30
1692851293274,30.9,{},2023-08-24 09:58:13.274000+05:30
1692850911420,30.1,{},2023-08-24 09:51:51.420000+05:30
1692850529645,29.4,{},2023-08-24 09:45:29.645000+05:30
1692850147855,29.299999,{},2023-08-24 09:39:07.855000+05:30
1692849766335,29.200001,{},2023-08-24 09:32:46.335000+05:30
1692849384556,29.5,{},2023-08-24 09:26:24.556000+05:30
1692849002834,29.799999,{},2023-08-24 09:20:02.834000+05:30
1692848621280,29.5,{},2023-08-24 09:13:41.280000+05:30
1692848239404,29.1,{},2023-08-24 09:07:19.404000+05:30
1692847857759,29.1,{},2023-08-24 09:00:57.759000+05:30
1692847476128,29.1,{},2023-08-24 08:54:36.128000+05:30
1692847094508,28.6,{},2023-08-24 08:48:14.508000+05:30
1692846712985,28.700001,{},2023-08-24 08:41:52.985000+05:30
1692846331612,28.5,{},2023-08-24 08:35:31.612000+05:30
1692845950031,28.4,{},2023-08-24 08:29:10.031000+05:30
1692845568548,28.200001,{},2023-08-24 08:22:48.548000+05:30
1692845187091,28.200001,{},2023-08-24 08:16:27.091000+05:30
1692844805687,28.0,{},2023-08-24 08:10:05.687000+05:30
1692844424418,27.700001,{},2023-08-24 08:03:44.418000+05:30
1692844042786,27.6,{},2023-08-24 07:57:22.786000+05:30
1692826130615,26.5,{},2023-08-24 02:58:50.615000+05:30
1692825749349,26.700001,{},2023-08-24 02:52:29.349000+05:30
1692825368087,26.799999,{},2023-08-24 02:46:08.087000+05:30
1692824986814,26.9,{},2023-08-24 02:39:46.814000+05:30
1692824605526,26.799999,{},2023-08-24 02:33:25.526000+05:30
1692824224242,26.799999,{},2023-08-24 02:27:04.242000+05:30
1692823842947,26.799999,{},2023-08-24 02:20:42.947000+05:30
1692823462169,26.799999,{},2023-08-24 02:14:22.169000+05:30
1692823081079,26.799999,{},2023-08-24 02:08:01.079000+05:30
1692822699051,26.799999,{},2023-08-24 02:01:39.051000+05:30
1692822317791,26.9,{},2023-08-24 01:55:17.791000+05:30
1692821936480,27.0,{},2023-08-24 01:48:56.480000+05:30
1692821555173,26.9,{},2023-08-24 01:42:35.173000+05:30
1692821173863,26.799999,{},2023-08-24 01:36:13.863000+05:30
1692820792568,26.799999,{},2023-08-24 01:29:52.568000+05:30
1692820411277,26.799999,{},2023-08-24 01:23:31.277000+05:30
1692820029996,26.799999,{},2023-08-24 01:17:09.996000+05:30
1692819648817,27.200001,{},2023-08-24 01:10:48.817000+05:30
1692819267432,27.200001,{},2023-08-24 01:04:27.432000+05:30
1692818886125,27.0,{},2023-08-24 00:58:06.125000+05:30
1692818504795,27.1,{},2023-08-24 00:51:44.795000+05:30
1692818123441,27.1,{},2023-08-24 00:45:23.441000+05:30
1692817742145,27.0,{},2023-08-24 00:39:02.145000+05:30
1692817360840,26.799999,{},2023-08-24 00:32:40.840000+05:30
1692816979606,27.1,{},2023-08-24 00:26:19.606000+05:30
1692816598272,27.200001,{},2023-08-24 00:19:58.272000+05:30
1692816216907,27.0,{},2023-08-24 00:13:36.907000+05:30
1692815835806,27.299999,{},2023-08-24 00:07:15.806000+05:30
1692815454228,27.5,{},2023-08-24 00:00:54.228000+05:30
1692815072827,27.5,{},2023-08-23 23:54:32.827000+05:30
1692814691485,27.6,{},2023-08-23 23:48:11.485000+05:30
1692814310112,27.6,{},2023-08-23 23:41:50.112000+05:30
1692813928688,27.299999,{},2023-08-23 23:35:28.688000+05:30
1692813547347,27.4,{},2023-08-23 23:29:07.347000+05:30
1692813165964,27.4,{},2023-08-23 23:22:45.964000+05:30
1692812784574,27.4,{},2023-08-23 23:16:24.574000+05:30
1692812403197,27.4,{},2023-08-23 23:10:03.197000+05:30
1692812021804,27.700001,{},2023-08-23 23:03:41.804000+05:30
1692811640413,27.799999,{},2023-08-23 22:57:20.413000+05:30
1692811258994,27.799999,{},2023-08-23 22:50:58.994000+05:30
1692810877584,27.799999,{},2023-08-23 22:44:37.584000+05:30
1692810496208,28.0,{},2023-08-23 22:38:16.208000+05:30
1692810114712,28.0,{},2023-08-23 22:31:54.712000+05:30
1692809733291,28.0,{},2023-08-23 22:25:33.291000+05:30
1692809351830,28.200001,{},2023-08-23 22:19:11.830000+05:30
1692808970355,28.200001,{},2023-08-23 22:12:50.355000+05:30
1692808588868,28.4,{},2023-08-23 22:06:28.868000+05:30
1692808207409,28.4,{},2023-08-23 22:00:07.409000+05:30
1692807831663,28.200001,{},2023-08-23 21:53:51.663000+05:30
1692807450370,28.299999,{},2023-08-23 21:47:30.370000+05:30
1692807062885,28.200001,{},2023-08-23 21:41:02.885000+05:30
1692806681394,28.4,{},2023-08-23 21:34:41.394000+05:30
1692806299831,28.700001,{},2023-08-23 21:28:19.831000+05:30
1692805918194,28.6,{},2023-08-23 21:21:58.194000+05:30
1692805536626,28.700001,{},2023-08-23 21:15:36.626000+05:30
1692805154985,28.700001,{},2023-08-23 21:09:14.985000+05:30
1692804773430,28.700001,{},2023-08-23 21:02:53.430000+05:30
1692804391704,28.6,{},2023-08-23 20:56:31.704000+05:30
1692804010051,28.6,{},2023-08-23 20:50:10.051000+05:30
1692803628400,28.700001,{},2023-08-23 20:43:48.400000+05:30
1692803246786,28.799999,{},2023-08-23 20:37:26.786000+05:30
1692802865136,28.799999,{},2023-08-23 20:31:05.136000+05:30
1692802483746,28.700001,{},2023-08-23 20:24:43.746000+05:30
1692802101818,28.6,{},2023-08-23 20:18:21.818000+05:30
1692801720175,28.799999,{},2023-08-23 20:12:00.175000+05:30
1692801338561,28.799999,{},2023-08-23 20:05:38.561000+05:30
1692800956843,28.9,{},2023-08-23 19:59:16.843000+05:30
1692800575182,28.6,{},2023-08-23 19:52:55.182000+05:30
1692800193535,28.700001,{},2023-08-23 19:46:33.535000+05:30
1692799811862,29.1,{},2023-08-23 19:40:11.862000+05:30
1692799430174,29.5,{},2023-08-23 19:33:50.174000+05:30
1692799048423,29.5,{},2023-08-23 19:27:28.423000+05:30
1692798666630,29.5,{},2023-08-23 19:21:06.630000+05:30
1692798284843,29.6,{},2023-08-23 19:14:44.843000+05:30
1692797904831,29.700001,{},2023-08-23 19:08:24.831000+05:30
1692797521268,29.700001,{},2023-08-23 19:02:01.268000+05:30
1692797139452,29.6,{},2023-08-23 18:55:39.452000+05:30
1692796757644,29.5,{},2023-08-23 18:49:17.644000+05:30
1692796376041,29.700001,{},2023-08-23 18:42:56.041000+05:30
1692795994002,30.0,{},2023-08-23 18:36:34.002000+05:30
1692795612186,30.5,{},2023-08-23 18:30:12.186000+05:30
1692795230255,30.700001,{},2023-08-23 18:23:50.255000+05:30
1692794848317,30.700001,{},2023-08-23 18:17:28.317000+05:30
1692794466329,30.799999,{},2023-08-23 18:11:06.329000+05:30
1692794084318,30.799999,{},2023-08-23 18:04:44.318000+05:30
1692793702377,31.0,{},2023-08-23 17:58:22.377000+05:30
1692793320332,31.200001,{},2023-08-23 17:52:00.332000+05:30
1692792938369,31.4,{},2023-08-23 17:45:38.369000+05:30
1692792556249,31.5,{},2023-08-23 17:39:16.249000+05:30
1692792174167,31.5,{},2023-08-23 17:32:54.167000+05:30
1692791792111,32.200001,{},2023-08-23 17:26:32.111000+05:30
1692791410011,32.599998,{},2023-08-23 17:20:10.011000+05:30
1692791027710,32.700001,{},2023-08-23 17:13:47.710000+05:30
1692790645469,33.0,{},2023-08-23 17:07:25.469000+05:30
1692790263245,33.200001,{},2023-08-23 17:01:03.245000+05:30
1692789880888,33.0,{},2023-08-23 16:54:40.888000+05:30
1692789498602,32.700001,{},2023-08-23 16:48:18.602000+05:30
1692789116368,32.5,{},2023-08-23 16:41:56.368000+05:30
1692788734155,32.5,{},2023-08-23 16:35:34.155000+05:30
1692788351917,32.700001,{},2023-08-23 16:29:11.917000+05:30
1692787969640,33.0,{},2023-08-23 16:22:49.640000+05:30
1692787587378,33.599998,{},2023-08-23 16:16:27.378000+05:30
1692787204981,34.200001,{},2023-08-23 16:10:04.981000+05:30
1692786822552,34.400002,{},2023-08-23 16:03:42.552000+05:30
1692786440054,34.599998,{},2023-08-23 15:57:20.054000+05:30
1692786057544,34.5,{},2023-08-23 15:50:57.544000+05:30
1692785675054,34.200001,{},2023-08-23 15:44:35.054000+05:30
1692785292523,34.700001,{},2023-08-23 15:38:12.523000+05:30
1692784910151,34.5,{},2023-08-23 15:31:50.151000+05:30
1692784527818,34.700001,{},2023-08-23 15:25:27.818000+05:30
1692784145013,34.599998,{},2023-08-23 15:19:05.013000+05:30
1692783762606,34.400002,{},2023-08-23 15:12:42.606000+05:30
1692783380085,34.900002,{},2023-08-23 15:06:20.085000+05:30
1692782997476,34.799999,{},2023-08-23 14:59:57.476000+05:30
1692782614973,34.5,{},2023-08-23 14:53:34.973000+05:30
1692782232482,34.700001,{},2023-08-23 14:47:12.482000+05:30
1692781849989,34.599998,{},2023-08-23 14:40:49.989000+05:30
1692781467455,34.700001,{},2023-08-23 14:34:27.455000+05:30
1692781084972,34.200001,{},2023-08-23 14:28:04.972000+05:30
1692780702501,34.099998,{},2023-08-23 14:21:42.501000+05:30
1692780320070,34.099998,{},2023-08-23 14:15:20.070000+05:30
1692779937645,33.5,{},2023-08-23 14:08:57.645000+05:30
1692779555261,33.599998,{},2023-08-23 14:02:35.261000+05:30
1692779172970,33.599998,{},2023-08-23 13:56:12.970000+05:30
1692778790645,33.400002,{},2023-08-23 13:49:50.645000+05:30
1692778408337,33.200001,{},2023-08-23 13:43:28.337000+05:30
1692778026113,32.5,{},2023-08-23 13:37:06.113000+05:30
1692777644057,32.299999,{},2023-08-23 13:30:44.057000+05:30
1692777261813,32.5,{},2023-08-23 13:24:21.813000+05:30
1692776879685,32.200001,{},2023-08-23 13:17:59.685000+05:30
1692776497812,32.400002,{},2023-08-23 13:11:37.812000+05:30
1692776116257,32.099998,{},2023-08-23 13:05:16.257000+05:30
1692775733554,32.099998,{},2023-08-23 12:58:53.554000+05:30
1692775351365,31.700001,{},2023-08-23 12:52:31.365000+05:30
1692774970277,31.200001,{},2023-08-23 12:46:10.277000+05:30
1692774587320,31.4,{},2023-08-23 12:39:47.320000+05:30
1692774205337,31.6,{},2023-08-23 12:33:25.337000+05:30
1692773823351,31.799999,{},2023-08-23 12:27:03.351000+05:30
1692773441497,31.9,{},2023-08-23 12:20:41.497000+05:30
1692773059260,31.5,{},2023-08-23 12:14:19.260000+05:30
1692772677228,31.200001,{},2023-08-23 12:07:57.228000+05:30
1692772295275,30.700001,{},2023-08-23 12:01:35.275000+05:30
1692771913358,30.700001,{},2023-08-23 11:55:13.358000+05:30
1692771531488,30.5,{},2023-08-23 11:48:51.488000+05:30
1692771149635,30.700001,{},2023-08-23 11:42:29.635000+05:30
1692770767751,30.700001,{},2023-08-23 11:36:07.751000+05:30
1692770385838,30.6,{},2023-08-23 11:29:45.838000+05:30
1692770003949,30.5,{},2023-08-23 11:23:23.949000+05:30
1692769622109,30.700001,{},2023-08-23 11:17:02.109000+05:30
1692769240200,30.5,{},2023-08-23 11:10:40.200000+05:30
1692768858314,30.5,{},2023-08-23 11:04:18.314000+05:30
1692768476477,30.700001,{},2023-08-23 10:57:56.477000+05:30
1692768094600,30.299999,{},2023-08-23 10:51:34.600000+05:30
1692767712848,30.6,{},2023-08-23 10:45:12.848000+05:30
1692767331807,30.1,{},2023-08-23 10:38:51.807000+05:30
1692766949060,29.9,{},2023-08-23 10:32:29.060000+05:30
1692766567277,29.799999,{},2023-08-23 10:26:07.277000+05:30
1692766185500,29.700001,{},2023-08-23 10:19:45.500000+05:30
1692765803931,29.700001,{},2023-08-23 10:13:23.931000+05:30
1692765430017,29.700001,{},2023-08-23 10:07:10.017000+05:30
1692765048248,29.6,{},2023-08-23 10:00:48.248000+05:30
1692764666539,29.799999,{},2023-08-23 09:54:26.539000+05:30
1692764284783,29.700001,{},2023-08-23 09:48:04.783000+05:30
1692763903034,29.700001,{},2023-08-23 09:41:43.034000+05:30
1692763521316,29.6,{},2023-08-23 09:35:21.316000+05:30
1692763147572,29.700001,{},2023-08-23 09:29:07.572000+05:30
1692762765846,29.5,{},2023-08-23 09:22:45.846000+05:30
1692762384162,29.299999,{},2023-08-23 09:16:24.162000+05:30
1692762002466,29.200001,{},2023-08-23 09:10:02.466000+05:30
1692761620823,29.299999,{},2023-08-23 09:03:40.823000+05:30
1692761239157,29.200001,{},2023-08-23 08:57:19.157000+05:30
1692760857521,28.9,{},2023-08-23 08:50:57.521000+05:30
1692760475927,28.799999,{},2023-08-23 08:44:35.927000+05:30
1692760094620,28.700001,{},2023-08-23 08:38:14.620000+05:30
1692759712884,28.6,{},2023-08-23 08:31:52.884000+05:30
1692759331385,28.4,{},2023-08-23 08:25:31.385000+05:30
1692758949929,28.200001,{},2023-08-23 08:19:09.929000+05:30
1692758568487,28.0,{},2023-08-23 08:12:48.487000+05:30
1692758187035,27.799999,{},2023-08-23 08:06:27.035000+05:30
1692757805662,27.700001,{},2023-08-23 08:00:05.662000+05:30
1692757424263,0.0,{},2023-08-23 07:53:44.263000+05:30
1692738741485,0.0,{},2023-08-23 02:42:21.485000+05:30
1692736834945,0.0,{},2023-08-23 02:10:34.945000+05:30
1692730733940,27.0,{},2023-08-23 00:28:53.940000+05:30
1692730353417,27.0,{},2023-08-23 00:22:33.417000+05:30
1692729971271,27.200001,{},2023-08-23 00:16:11.271000+05:30
1692729589942,27.200001,{},2023-08-23 00:09:49.942000+05:30
1692729208606,27.200001,{},2023-08-23 00:03:28.606000+05:30
1692728827249,27.299999,{},2023-08-22 23:57:07.249000+05:30
1692728445913,27.299999,{},2023-08-22 23:50:45.913000+05:30
1692728064561,27.4,{},2023-08-22 23:44:24.561000+05:30
1692727683200,27.4,{},2023-08-22 23:38:03.200000+05:30
1692727309825,27.299999,{},2023-08-22 23:31:49.825000+05:30
1692726928477,27.0,{},2023-08-22 23:25:28.477000+05:30
1692726547164,27.0,{},2023-08-22 23:19:07.164000+05:30
1692726165822,27.200001,{},2023-08-22 23:12:45.822000+05:30
1692725784500,27.299999,{},2023-08-22 23:06:24.500000+05:30
1692725403144,27.299999,{},2023-08-22 23:00:03.144000+05:30
1692725021792,27.299999,{},2023-08-22 22:53:41.792000+05:30
1692724642240,27.299999,{},2023-08-22 22:47:22.240000+05:30
1692724259100,27.299999,{},2023-08-22 22:40:59.100000+05:30
1692723877746,27.6,{},2023-08-22 22:34:37.746000+05:30
1692723496399,27.700001,{},2023-08-22 22:28:16.399000+05:30
1692723115152,27.6,{},2023-08-22 22:21:55.152000+05:30
1692722733586,27.6,{},2023-08-22 22:15:33.586000+05:30
1692722352201,27.700001,{},2023-08-22 22:09:12.201000+05:30
1692721970801,27.799999,{},2023-08-22 22:02:50.801000+05:30
1692721589710,27.9,{},2023-08-22 21:56:29.710000+05:30
1692721207966,27.9,{},2023-08-22 21:50:07.966000+05:30
1692720826678,27.799999,{},2023-08-22 21:43:46.678000+05:30
1692720445162,27.799999,{},2023-08-22 21:37:25.162000+05:30
1692720063735,27.6,{},2023-08-22 21:31:03.735000+05:30
1692719682323,27.700001,{},2023-08-22 21:24:42.323000+05:30
1692719300958,27.799999,{},2023-08-22 21:18:20.958000+05:30
1692718919527,27.799999,{},2023-08-22 21:11:59.527000+05:30
1692718539863,27.9,{},2023-08-22 21:05:39.863000+05:30
1692718156708,27.799999,{},2023-08-22 20:59:16.708000+05:30
1692717775264,27.9,{},2023-08-22 20:52:55.264000+05:30
1692717393846,27.700001,{},2023-08-22 20:46:33.846000+05:30
1692717012400,27.700001,{},2023-08-22 20:40:12.400000+05:30
1692716631034,27.6,{},2023-08-22 20:33:51.034000+05:30
1692716249574,27.6,{},2023-08-22 20:27:29.574000+05:30
1692715868318,27.700001,{},2023-08-22 20:21:08.318000+05:30
1692715486856,27.799999,{},2023-08-22 20:14:46.856000+05:30
1692714724039,28.1,{},2023-08-22 20:02:04.039000+05:30
1692714342489,28.1,{},2023-08-22 19:55:42.489000+05:30
1692713960967,28.0,{},2023-08-22 19:49:20.967000+05:30
1692713587422,28.1,{},2023-08-22 19:43:07.422000+05:30
1692713213896,28.0,{},2023-08-22 19:36:53.896000+05:30
1692712832381,28.1,{},2023-08-22 19:30:32.381000+05:30
1692712450861,28.0,{},2023-08-22 19:24:10.861000+05:30
1692712069383,28.1,{},2023-08-22 19:17:49.383000+05:30
1692711687890,28.1,{},2023-08-22 19:11:27.890000+05:30
1692711310399,28.1,{},2023-08-22 19:05:10.399000+05:30
1692710933039,28.200001,{},2023-08-22 18:58:53.039000+05:30
1692710551275,28.200001,{},2023-08-22 18:52:31.275000+05:30
1692710169763,28.5,{},2023-08-22 18:46:09.763000+05:30
1692709788199,28.6,{},2023-08-22 18:39:48.199000+05:30
1692709406631,28.5,{},2023-08-22 18:33:26.631000+05:30
1692709025055,28.9,{},2023-08-22 18:27:05.055000+05:30
1692708643458,29.200001,{},2023-08-22 18:20:43.458000+05:30
1692708261821,29.200001,{},2023-08-22 18:14:21.821000+05:30
1692707880255,29.4,{},2023-08-22 18:08:00.255000+05:30
1692707498488,29.700001,{},2023-08-22 18:01:38.488000+05:30
1692707119756,29.799999,{},2023-08-22 17:55:19.756000+05:30
1692706735325,30.0,{},2023-08-22 17:48:55.325000+05:30
1692706353265,29.9,{},2023-08-22 17:42:33.265000+05:30
1692705971450,30.299999,{},2023-08-22 17:36:11.450000+05:30
1692705589855,30.5,{},2023-08-22 17:29:49.855000+05:30
1692705207794,30.5,{},2023-08-22 17:23:27.794000+05:30
1692704825917,30.4,{},2023-08-22 17:17:05.917000+05:30
1692704444061,30.5,{},2023-08-22 17:10:44.061000+05:30
1692704062401,30.5,{},2023-08-22 17:04:22.401000+05:30
1692703680405,30.799999,{},2023-08-22 16:58:00.405000+05:30
1692703298542,30.799999,{},2023-08-22 16:51:38.542000+05:30
1692702916633,30.9,{},2023-08-22 16:45:16.633000+05:30
1692702534714,31.0,{},2023-08-22 16:38:54.714000+05:30
1692702152801,31.0,{},2023-08-22 16:32:32.801000+05:30
1692701770875,31.200001,{},2023-08-22 16:26:10.875000+05:30
1692701388937,31.299999,{},2023-08-22 16:19:48.937000+05:30
1692701006979,31.200001,{},2023-08-22 16:13:26.979000+05:30
1692700625066,31.200001,{},2023-08-22 16:07:05.066000+05:30
1692700243132,31.6,{},2023-08-22 16:00:43.132000+05:30
1692699861218,31.200001,{},2023-08-22 15:54:21.218000+05:30
1692699479912,31.0,{},2023-08-22 15:47:59.912000+05:30
1692699097386,30.9,{},2023-08-22 15:41:37.386000+05:30
1692698715525,30.6,{},2023-08-22 15:35:15.525000+05:30
1692698333659,30.5,{},2023-08-22 15:28:53.659000+05:30
1692697951843,30.1,{},2023-08-22 15:22:31.843000+05:30
1692697570060,30.1,{},2023-08-22 15:16:10.060000+05:30
1692697188245,30.200001,{},2023-08-22 15:09:48.245000+05:30
1692696806449,30.5,{},2023-08-22 15:03:26.449000+05:30
1692696424616,30.700001,{},2023-08-22 14:57:04.616000+05:30
1692696046014,30.9,{},2023-08-22 14:50:46.014000+05:30
1692695660864,31.700001,{},2023-08-22 14:44:20.864000+05:30
1692695278963,31.9,{},2023-08-22 14:37:58.963000+05:30
1692694896895,32.299999,{},2023-08-22 14:31:36.895000+05:30
1692694514864,32.099998,{},2023-08-22 14:25:14.864000+05:30
1692694132858,32.0,{},2023-08-22 14:18:52.858000+05:30
1692693752866,31.799999,{},2023-08-22 14:12:32.866000+05:30
1692693368739,31.700001,{},2023-08-22 14:06:08.739000+05:30
1692692986774,31.700001,{},2023-08-22 13:59:46.774000+05:30
1692692605549,31.700001,{},2023-08-22 13:53:25.549000+05:30
1692692222826,31.799999,{},2023-08-22 13:47:02.826000+05:30
1692691840829,31.799999,{},2023-08-22 13:40:40.829000+05:30
1692691458876,31.5,{},2023-08-22 13:34:18.876000+05:30
1692691076923,31.6,{},2023-08-22 13:27:56.923000+05:30
1692690694969,31.4,{},2023-08-22 13:21:34.969000+05:30
1692690313064,31.5,{},2023-08-22 13:15:13.064000+05:30
1692689931141,31.700001,{},2023-08-22 13:08:51.141000+05:30
1692689549152,31.700001,{},2023-08-22 13:02:29.152000+05:30
1692689167194,31.700001,{},2023-08-22 12:56:07.194000+05:30
1692688785224,31.700001,{},2023-08-22 12:49:45.224000+05:30
1692688403359,31.799999,{},2023-08-22 12:43:23.359000+05:30
1692688021351,31.700001,{},2023-08-22 12:37:01.351000+05:30
1692687639335,31.200001,{},2023-08-22 12:30:39.335000+05:30
1692687257471,31.4,{},2023-08-22 12:24:17.471000+05:30
1692686875491,31.200001,{},2023-08-22 12:17:55.491000+05:30
1692686493549,31.1,{},2023-08-22 12:11:33.549000+05:30
1692686111631,31.4,{},2023-08-22 12:05:11.631000+05:30
1692685729979,31.4,{},2023-08-22 11:58:49.979000+05:30
1692685347794,31.4,{},2023-08-22 11:52:27.794000+05:30
1692684965901,31.200001,{},2023-08-22 11:46:05.901000+05:30
1692684584016,31.0,{},2023-08-22 11:39:44.016000+05:30
1692684202078,31.0,{},2023-08-22 11:33:22.078000+05:30
1692683820157,30.700001,{},2023-08-22 11:27:00.157000+05:30
1692683438312,30.9,{},2023-08-22 11:20:38.312000+05:30
1692683056534,30.799999,{},2023-08-22 11:14:16.534000+05:30
1692682674687,30.9,{},2023-08-22 11:07:54.687000+05:30
1692682292738,30.9,{},2023-08-22 11:01:32.738000+05:30
1692681910883,31.0,{},2023-08-22 10:55:10.883000+05:30
1692681529035,30.700001,{},2023-08-22 10:48:49.035000+05:30
1692681147176,30.799999,{},2023-08-22 10:42:27.176000+05:30
1692680765398,30.700001,{},2023-08-22 10:36:05.398000+05:30
1692680385220,30.5,{},2023-08-22 10:29:45.220000+05:30
1692680001859,30.6,{},2023-08-22 10:23:21.859000+05:30
1692679619862,30.799999,{},2023-08-22 10:16:59.862000+05:30
1692679238016,30.299999,{},2023-08-22 10:10:38.016000+05:30
1692678856213,29.9,{},2023-08-22 10:04:16.213000+05:30
1692678474486,30.0,{},2023-08-22 09:57:54.486000+05:30
1692678092750,30.4,{},2023-08-22 09:51:32.750000+05:30
1692677710984,29.799999,{},2023-08-22 09:45:10.984000+05:30
1692677329245,29.6,{},2023-08-22 09:38:49.245000+05:30
1692676947619,29.6,{},2023-08-22 09:32:27.619000+05:30
1692676565830,29.6,{},2023-08-22 09:26:05.830000+05:30
1692676184124,29.200001,{},2023-08-22 09:19:44.124000+05:30
1692675802477,28.799999,{},2023-08-22 09:13:22.477000+05:30
1692675421264,28.5,{},2023-08-22 09:07:01.264000+05:30
1692675039547,28.299999,{},2023-08-22 09:00:39.547000+05:30
1692674657785,28.1,{},2023-08-22 08:54:17.785000+05:30
1692673513357,27.5,{},2023-08-22 08:35:13.357000+05:30
