timestamp,humidity,context_humidity,date (Asia/Kolkata)
1694955053748,92.0,{},2023-09-17 18:20:53.748000+05:30
1694954292122,91.0,{},2023-09-17 18:08:12.122000+05:30
1694935992451,69.0,{},2023-09-17 13:03:12.451000+05:30
1694935611126,70.0,{},2023-09-17 12:56:51.126000+05:30
1694935229794,70.0,{},2023-09-17 12:50:29.794000+05:30
1694934848531,74.0,{},2023-09-17 12:44:08.531000+05:30
1694934467055,75.0,{},2023-09-17 12:37:47.055000+05:30
1694934085925,77.0,{},2023-09-17 12:31:25.925000+05:30
1694933704848,78.0,{},2023-09-17 12:25:04.848000+05:30
1694933323678,80.0,{},2023-09-17 12:18:43.678000+05:30
1694932942132,79.0,{},2023-09-17 12:12:22.132000+05:30
1694932560576,77.0,{},2023-09-17 12:06:00.576000+05:30
1694932179448,79.0,{},2023-09-17 11:59:39.448000+05:30
1694931797772,82.0,{},2023-09-17 11:53:17.772000+05:30
1694931416189,82.0,{},2023-09-17 11:46:56.189000+05:30
1694931034576,83.0,{},2023-09-17 11:40:34.576000+05:30
1694930653465,90.0,{},2023-09-17 11:34:13.465000+05:30
1694930274034,83.0,{},2023-09-17 11:27:54.034000+05:30
1694929890825,83.0,{},2023-09-17 11:21:30.825000+05:30
1694929509683,82.0,{},2023-09-17 11:15:09.683000+05:30
1694929128603,87.0,{},2023-09-17 11:08:48.603000+05:30
1694928747504,87.0,{},2023-09-17 11:02:27.504000+05:30
1694928366410,93.0,{},2023-09-17 10:56:06.410000+05:30
1694927222838,87.0,{},2023-09-17 10:37:02.838000+05:30
1694774426660,90.0,{},2023-09-15 16:10:26.660000+05:30
1694774045398,87.0,{},2023-09-15 16:04:05.398000+05:30
1694773664185,86.0,{},2023-09-15 15:57:44.185000+05:30
1694773282459,86.0,{},2023-09-15 15:51:22.459000+05:30
1694772900659,77.0,{},2023-09-15 15:45:00.659000+05:30
1694772519495,76.0,{},2023-09-15 15:38:39.495000+05:30
1694772137440,78.0,{},2023-09-15 15:32:17.440000+05:30
1694771756840,80.0,{},2023-09-15 15:25:56.840000+05:30
1694771373838,83.0,{},2023-09-15 15:19:33.838000+05:30
1694770992057,85.0,{},2023-09-15 15:13:12.057000+05:30
1694770610316,86.0,{},2023-09-15 15:06:50.316000+05:30
1694770228462,87.0,{},2023-09-15 15:00:28.462000+05:30
1694769847199,89.0,{},2023-09-15 14:54:07.199000+05:30
1694769465944,88.0,{},2023-09-15 14:47:45.944000+05:30
1694769084911,84.0,{},2023-09-15 14:41:24.911000+05:30
1694768703596,79.0,{},2023-09-15 14:35:03.596000+05:30
1694768322092,79.0,{},2023-09-15 14:28:42.092000+05:30
1694767940851,79.0,{},2023-09-15 14:22:20.851000+05:30
1694767559494,76.0,{},2023-09-15 14:15:59.494000+05:30
1694767178199,73.0,{},2023-09-15 14:09:38.199000+05:30
1694766796922,70.0,{},2023-09-15 14:03:16.922000+05:30
1694766415577,70.0,{},2023-09-15 13:56:55.577000+05:30
1694766033849,67.0,{},2023-09-15 13:50:33.849000+05:30
1694765652697,67.0,{},2023-09-15 13:44:12.697000+05:30
1694764889524,66.0,{},2023-09-15 13:31:29.524000+05:30
1694764507932,64.0,{},2023-09-15 13:25:07.932000+05:30
1694764126415,65.0,{},2023-09-15 13:18:46.415000+05:30
1694763745131,65.0,{},2023-09-15 13:12:25.131000+05:30
1694763363428,64.0,{},2023-09-15 13:06:03.428000+05:30
1694762981414,67.0,{},2023-09-15 12:59:41.414000+05:30
1694762599888,66.0,{},2023-09-15 12:53:19.888000+05:30
1694762218498,68.0,{},2023-09-15 12:46:58.498000+05:30
1694761836642,67.0,{},2023-09-15 12:40:36.642000+05:30
1694761454730,68.0,{},2023-09-15 12:34:14.730000+05:30
1694761072857,67.0,{},2023-09-15 12:27:52.857000+05:30
1694760690968,66.0,{},2023-09-15 12:21:30.968000+05:30
1694760309141,66.0,{},2023-09-15 12:15:09.141000+05:30
1694759927625,67.0,{},2023-09-15 12:08:47.625000+05:30
1694759546137,66.0,{},2023-09-15 12:02:26.137000+05:30
1694759164836,66.0,{},2023-09-15 11:56:04.836000+05:30
1694758783104,68.0,{},2023-09-15 11:49:43.104000+05:30
1694758401705,68.0,{},2023-09-15 11:43:21.705000+05:30
1694758022134,70.0,{},2023-09-15 11:37:02.134000+05:30
1694757638020,74.0,{},2023-09-15 11:30:38.020000+05:30
1694757261850,74.0,{},2023-09-15 11:24:21.850000+05:30
1694756659207,80.0,{},2023-09-15 11:14:19.207000+05:30
1694756278014,79.0,{},2023-09-15 11:07:58.014000+05:30
1694755896241,83.0,{},2023-09-15 11:01:36.241000+05:30
1694755515004,88.0,{},2023-09-15 10:55:15.004000+05:30
1694711383963,88.0,{},2023-09-14 22:39:43.963000+05:30
1694710621865,88.0,{},2023-09-14 22:27:01.865000+05:30
1694710241984,84.0,{},2023-09-14 22:20:41.984000+05:30
1694709859655,83.0,{},2023-09-14 22:14:19.655000+05:30
1694709478465,82.0,{},2023-09-14 22:07:58.465000+05:30
1694709097343,82.0,{},2023-09-14 22:01:37.343000+05:30
1694708716325,82.0,{},2023-09-14 21:55:16.325000+05:30
1694707961830,82.0,{},2023-09-14 21:42:41.830000+05:30
1694707580553,81.0,{},2023-09-14 21:36:20.553000+05:30
1694707208312,79.0,{},2023-09-14 21:30:08.312000+05:30
1694706825989,79.0,{},2023-09-14 21:23:45.989000+05:30
1694706444730,79.0,{},2023-09-14 21:17:24.730000+05:30
1694706063443,79.0,{},2023-09-14 21:11:03.443000+05:30
1694705682152,79.0,{},2023-09-14 21:04:42.152000+05:30
1694705300815,77.0,{},2023-09-14 20:58:20.815000+05:30
1694704919503,78.0,{},2023-09-14 20:51:59.503000+05:30
1694704538131,77.0,{},2023-09-14 20:45:38.131000+05:30
1694704156768,76.0,{},2023-09-14 20:39:16.768000+05:30
1694703775420,77.0,{},2023-09-14 20:32:55.420000+05:30
1694703394076,77.0,{},2023-09-14 20:26:34.076000+05:30
1694702631697,77.0,{},2023-09-14 20:13:51.697000+05:30
1694702218076,78.0,{},2023-09-14 20:06:58.076000+05:30
1694701837372,78.0,{},2023-09-14 20:00:37.372000+05:30
1694701456433,78.0,{},2023-09-14 19:54:16.433000+05:30
1694700964978,79.0,{},2023-09-14 19:46:04.978000+05:30
1694700583903,81.0,{},2023-09-14 19:39:43.903000+05:30
1694700202199,81.0,{},2023-09-14 19:33:22.199000+05:30
1694699820806,81.0,{},2023-09-14 19:27:00.806000+05:30
1694699439403,83.0,{},2023-09-14 19:20:39.403000+05:30
1694699058537,84.0,{},2023-09-14 19:14:18.537000+05:30
1694698677079,84.0,{},2023-09-14 19:07:57.079000+05:30
1694698295589,85.0,{},2023-09-14 19:01:35.589000+05:30
1694697914085,86.0,{},2023-09-14 18:55:14.085000+05:30
1694697533122,86.0,{},2023-09-14 18:48:53.122000+05:30
1694697151847,84.0,{},2023-09-14 18:42:31.847000+05:30
1694696770961,83.0,{},2023-09-14 18:36:10.961000+05:30
1694696389580,80.0,{},2023-09-14 18:29:49.580000+05:30
1694696008587,78.0,{},2023-09-14 18:23:28.587000+05:30
1694695628791,76.0,{},2023-09-14 18:17:08.791000+05:30
1694695245791,75.0,{},2023-09-14 18:10:45.791000+05:30
1694694482947,71.0,{},2023-09-14 17:58:02.947000+05:30
1694694101093,68.0,{},2023-09-14 17:51:41.093000+05:30
1694693719415,66.0,{},2023-09-14 17:45:19.415000+05:30
1694693337875,64.0,{},2023-09-14 17:38:57.875000+05:30
1694692956018,64.0,{},2023-09-14 17:32:36.018000+05:30
1694692574279,63.0,{},2023-09-14 17:26:14.279000+05:30
1694692192686,60.0,{},2023-09-14 17:19:52.686000+05:30
1694691810526,57.0,{},2023-09-14 17:13:30.526000+05:30
1694691428570,54.0,{},2023-09-14 17:07:08.570000+05:30
1694691048346,52.0,{},2023-09-14 17:00:48.346000+05:30
1694690664569,53.0,{},2023-09-14 16:54:24.569000+05:30
1694690282469,52.0,{},2023-09-14 16:48:02.469000+05:30
1694689900881,52.0,{},2023-09-14 16:41:40.881000+05:30
1694689518806,51.0,{},2023-09-14 16:35:18.806000+05:30
1694689136579,50.0,{},2023-09-14 16:28:56.579000+05:30
1694688755398,50.0,{},2023-09-14 16:22:35.398000+05:30
1694688372523,51.0,{},2023-09-14 16:16:12.523000+05:30
1694687990140,52.0,{},2023-09-14 16:09:50.140000+05:30
1694687608032,52.0,{},2023-09-14 16:03:28.032000+05:30
1694687225972,51.0,{},2023-09-14 15:57:05.972000+05:30
1694686843827,52.0,{},2023-09-14 15:50:43.827000+05:30
1694686461705,52.0,{},2023-09-14 15:44:21.705000+05:30
1694686079999,50.0,{},2023-09-14 15:37:59.999000+05:30
1694685697799,51.0,{},2023-09-14 15:31:37.799000+05:30
1694685315925,50.0,{},2023-09-14 15:25:15.925000+05:30
1694684934219,50.0,{},2023-09-14 15:18:54.219000+05:30
1694684552297,51.0,{},2023-09-14 15:12:32.297000+05:30
1694684170098,50.0,{},2023-09-14 15:06:10.098000+05:30
1694683788095,49.0,{},2023-09-14 14:59:48.095000+05:30
1694683405907,48.0,{},2023-09-14 14:53:25.907000+05:30
1694683023632,48.0,{},2023-09-14 14:47:03.632000+05:30
1694682641320,51.0,{},2023-09-14 14:40:41.320000+05:30
1694682259084,51.0,{},2023-09-14 14:34:19.084000+05:30
1694681876876,50.0,{},2023-09-14 14:27:56.876000+05:30
1694602502922,52.0,{},2023-09-13 16:25:02.922000+05:30
1694602121016,51.0,{},2023-09-13 16:18:41.016000+05:30
1694601739390,51.0,{},2023-09-13 16:12:19.390000+05:30
1694601357366,50.0,{},2023-09-13 16:05:57.366000+05:30
1694600975573,49.0,{},2023-09-13 15:59:35.573000+05:30
1694600593689,47.0,{},2023-09-13 15:53:13.689000+05:30
1694600211914,46.0,{},2023-09-13 15:46:51.914000+05:30
1694599829810,46.0,{},2023-09-13 15:40:29.810000+05:30
1694599447794,44.0,{},2023-09-13 15:34:07.794000+05:30
1694599065855,47.0,{},2023-09-13 15:27:45.855000+05:30
1694598684199,44.0,{},2023-09-13 15:21:24.199000+05:30
1694598301839,44.0,{},2023-09-13 15:15:01.839000+05:30
1694597919802,45.0,{},2023-09-13 15:08:39.802000+05:30
1694597537766,47.0,{},2023-09-13 15:02:17.766000+05:30
1694597155830,50.0,{},2023-09-13 14:55:55.830000+05:30
1694596773972,50.0,{},2023-09-13 14:49:33.972000+05:30
1694596392207,50.0,{},2023-09-13 14:43:12.207000+05:30
1694596010356,48.0,{},2023-09-13 14:36:50.356000+05:30
1694595628492,47.0,{},2023-09-13 14:30:28.492000+05:30
1694595246699,47.0,{},2023-09-13 14:24:06.699000+05:30
1694594864786,47.0,{},2023-09-13 14:17:44.786000+05:30
1694594482946,47.0,{},2023-09-13 14:11:22.946000+05:30
1694594101714,45.0,{},2023-09-13 14:05:01.714000+05:30
1694593720403,45.0,{},2023-09-13 13:58:40.403000+05:30
1694593339003,47.0,{},2023-09-13 13:52:19.003000+05:30
1694592957611,49.0,{},2023-09-13 13:45:57.611000+05:30
1694592575726,50.0,{},2023-09-13 13:39:35.726000+05:30
1694592194395,52.0,{},2023-09-13 13:33:14.395000+05:30
1694591812633,52.0,{},2023-09-13 13:26:52.633000+05:30
1694591430956,51.0,{},2023-09-13 13:20:30.956000+05:30
1694591049241,54.0,{},2023-09-13 13:14:09.241000+05:30
1694590667493,53.0,{},2023-09-13 13:07:47.493000+05:30
1694590285743,58.0,{},2023-09-13 13:01:25.743000+05:30
1694589904123,56.0,{},2023-09-13 12:55:04.123000+05:30
1694589522542,58.0,{},2023-09-13 12:48:42.542000+05:30
1694589140790,58.0,{},2023-09-13 12:42:20.790000+05:30
1694588759713,60.0,{},2023-09-13 12:35:59.713000+05:30
1694588378639,59.0,{},2023-09-13 12:29:38.639000+05:30
1694587997471,62.0,{},2023-09-13 12:23:17.471000+05:30
1694587615866,60.0,{},2023-09-13 12:16:55.866000+05:30
1694587234311,62.0,{},2023-09-13 12:10:34.311000+05:30
1694586853934,65.0,{},2023-09-13 12:04:13.934000+05:30
1694586472018,68.0,{},2023-09-13 11:57:52.018000+05:30
1694586090466,69.0,{},2023-09-13 11:51:30.466000+05:30
1694585709394,70.0,{},2023-09-13 11:45:09.394000+05:30
1694585328609,70.0,{},2023-09-13 11:38:48.609000+05:30
1694584946836,71.0,{},2023-09-13 11:32:26.836000+05:30
1694584565716,70.0,{},2023-09-13 11:26:05.716000+05:30
1694584184613,72.0,{},2023-09-13 11:19:44.613000+05:30
1694583803638,73.0,{},2023-09-13 11:13:23.638000+05:30
1694583422699,73.0,{},2023-09-13 11:07:02.699000+05:30
1694583041079,73.0,{},2023-09-13 11:00:41.079000+05:30
1694582660579,76.0,{},2023-09-13 10:54:20.579000+05:30
1694582278529,78.0,{},2023-09-13 10:47:58.529000+05:30
1694581516379,80.0,{},2023-09-13 10:35:16.379000+05:30
1694581135201,78.0,{},2023-09-13 10:28:55.201000+05:30
1694580754075,76.0,{},2023-09-13 10:22:34.075000+05:30
1694580372510,77.0,{},2023-09-13 10:16:12.510000+05:30
1694578847419,86.0,{},2023-09-13 09:50:47.419000+05:30
1694541535959,95.0,{},2023-09-12 23:28:55.959000+05:30
1694540392836,95.0,{},2023-09-12 23:09:52.836000+05:30
1694535821782,92.0,{},2023-09-12 21:53:41.782000+05:30
1694535441514,90.0,{},2023-09-12 21:47:21.514000+05:30
1694534677306,90.0,{},2023-09-12 21:34:37.306000+05:30
1694534298674,91.0,{},2023-09-12 21:28:18.674000+05:30
1694533915532,91.0,{},2023-09-12 21:21:55.532000+05:30
1694533534641,90.0,{},2023-09-12 21:15:34.641000+05:30
1694533153742,90.0,{},2023-09-12 21:09:13.742000+05:30
1694532772877,89.0,{},2023-09-12 21:02:52.877000+05:30
1694532391921,89.0,{},2023-09-12 20:56:31.921000+05:30
1694532011181,88.0,{},2023-09-12 20:50:11.181000+05:30
1694531630432,88.0,{},2023-09-12 20:43:50.432000+05:30
1694531249113,87.0,{},2023-09-12 20:37:29.113000+05:30
1694530868169,87.0,{},2023-09-12 20:31:08.169000+05:30
1694530487242,87.0,{},2023-09-12 20:24:47.242000+05:30
1694530106242,84.0,{},2023-09-12 20:18:26.242000+05:30
1694529725186,83.0,{},2023-09-12 20:12:05.186000+05:30
1694529344181,82.0,{},2023-09-12 20:05:44.181000+05:30
1694528962843,80.0,{},2023-09-12 19:59:22.843000+05:30
1694528581807,78.0,{},2023-09-12 19:53:01.807000+05:30
1694528200797,76.0,{},2023-09-12 19:46:40.797000+05:30
1694527819719,74.0,{},2023-09-12 19:40:19.719000+05:30
1694527438694,73.0,{},2023-09-12 19:33:58.694000+05:30
1694527057631,71.0,{},2023-09-12 19:27:37.631000+05:30
1694526676777,71.0,{},2023-09-12 19:21:16.777000+05:30
1694526295472,70.0,{},2023-09-12 19:14:55.472000+05:30
1694525914582,69.0,{},2023-09-12 19:08:34.582000+05:30
1694525152398,67.0,{},2023-09-12 18:55:52.398000+05:30
1694524770511,66.0,{},2023-09-12 18:49:30.511000+05:30
1694524007566,65.0,{},2023-09-12 18:36:47.566000+05:30
1694523626369,65.0,{},2023-09-12 18:30:26.369000+05:30
1694523244688,64.0,{},2023-09-12 18:24:04.688000+05:30
1694522863462,63.0,{},2023-09-12 18:17:43.462000+05:30
1694522482353,64.0,{},2023-09-12 18:11:22.353000+05:30
1694522101017,63.0,{},2023-09-12 18:05:01.017000+05:30
1694521719818,62.0,{},2023-09-12 17:58:39.818000+05:30
1694513870530,59.0,{},2023-09-12 15:47:50.530000+05:30
1694513487029,0.0,{},2023-09-12 15:41:27.029000+05:30
1694513105515,56.0,{},2023-09-12 15:35:05.515000+05:30
1694512724067,54.0,{},2023-09-12 15:28:44.067000+05:30
1694512342617,54.0,{},2023-09-12 15:22:22.617000+05:30
1694508908086,48.0,{},2023-09-12 14:25:08.086000+05:30
1694508526445,47.0,{},2023-09-12 14:18:46.445000+05:30
1694508144770,48.0,{},2023-09-12 14:12:24.770000+05:30
1694507763163,49.0,{},2023-09-12 14:06:03.163000+05:30
1694507381600,51.0,{},2023-09-12 13:59:41.600000+05:30
1694507000063,53.0,{},2023-09-12 13:53:20.063000+05:30
1694506618685,53.0,{},2023-09-12 13:46:58.685000+05:30
1694496713507,64.0,{},2023-09-12 11:01:53.507000+05:30
1694496332209,64.0,{},2023-09-12 10:55:32.209000+05:30
1694495950690,63.0,{},2023-09-12 10:49:10.690000+05:30
1694495569527,62.0,{},2023-09-12 10:42:49.527000+05:30
1694494425857,68.0,{},2023-09-12 10:23:45.857000+05:30
1694494044980,69.0,{},2023-09-12 10:17:24.980000+05:30
1694493664747,71.0,{},2023-09-12 10:11:04.747000+05:30
1694493282834,0.0,{},2023-09-12 10:04:42.834000+05:30
1694492139988,80.0,{},2023-09-12 09:45:39.988000+05:30
1694491758902,80.0,{},2023-09-12 09:39:18.902000+05:30
1694491378114,87.0,{},2023-09-12 09:32:58.114000+05:30
1694490997070,89.0,{},2023-09-12 09:26:37.070000+05:30
1694448736513,95.0,{},2023-09-11 21:42:16.513000+05:30
1694447973848,95.0,{},2023-09-11 21:29:33.848000+05:30
1694447592219,94.0,{},2023-09-11 21:23:12.219000+05:30
1694447210837,94.0,{},2023-09-11 21:16:50.837000+05:30
1694446829460,94.0,{},2023-09-11 21:10:29.460000+05:30
1694446448239,93.0,{},2023-09-11 21:04:08.239000+05:30
1694445686047,92.0,{},2023-09-11 20:51:26.047000+05:30
1694445305429,90.0,{},2023-09-11 20:45:05.429000+05:30
1694444160724,87.0,{},2023-09-11 20:26:00.724000+05:30
1694443779272,86.0,{},2023-09-11 20:19:39.272000+05:30
1694443397982,85.0,{},2023-09-11 20:13:17.982000+05:30
1694443016724,85.0,{},2023-09-11 20:06:56.724000+05:30
1694442635371,84.0,{},2023-09-11 20:00:35.371000+05:30
1694442254102,83.0,{},2023-09-11 19:54:14.102000+05:30
1694441872768,82.0,{},2023-09-11 19:47:52.768000+05:30
1694441491615,82.0,{},2023-09-11 19:41:31.615000+05:30
1694441110181,82.0,{},2023-09-11 19:35:10.181000+05:30
1694440728754,82.0,{},2023-09-11 19:28:48.754000+05:30
1694440347328,82.0,{},2023-09-11 19:22:27.328000+05:30
1694439966061,82.0,{},2023-09-11 19:16:06.061000+05:30
1694439584735,83.0,{},2023-09-11 19:09:44.735000+05:30
1694439203069,81.0,{},2023-09-11 19:03:23.069000+05:30
1694438821644,80.0,{},2023-09-11 18:57:01.644000+05:30
1694438440335,78.0,{},2023-09-11 18:50:40.335000+05:30
1694438058994,78.0,{},2023-09-11 18:44:18.994000+05:30
1694437677568,79.0,{},2023-09-11 18:37:57.568000+05:30
1694437296181,79.0,{},2023-09-11 18:31:36.181000+05:30
1694436914804,81.0,{},2023-09-11 18:25:14.804000+05:30
1694436533455,83.0,{},2023-09-11 18:18:53.455000+05:30
1694354852952,95.0,{},2023-09-10 19:37:32.952000+05:30
1694354472292,95.0,{},2023-09-10 19:31:12.292000+05:30
1694354090178,95.0,{},2023-09-10 19:24:50.178000+05:30
1694353708542,95.0,{},2023-09-10 19:18:28.542000+05:30
1694353327103,95.0,{},2023-09-10 19:12:07.103000+05:30
1694352945699,94.0,{},2023-09-10 19:05:45.699000+05:30
1694352564226,92.0,{},2023-09-10 18:59:24.226000+05:30
1694352182717,91.0,{},2023-09-10 18:53:02.717000+05:30
1694351801262,91.0,{},2023-09-10 18:46:41.262000+05:30
1694351420170,90.0,{},2023-09-10 18:40:20.170000+05:30
1694351038302,91.0,{},2023-09-10 18:33:58.302000+05:30
1694350657136,89.0,{},2023-09-10 18:27:37.136000+05:30
1694350275413,89.0,{},2023-09-10 18:21:15.413000+05:30
1694349893725,89.0,{},2023-09-10 18:14:53.725000+05:30
1694349512451,87.0,{},2023-09-10 18:08:32.451000+05:30
1694349130672,87.0,{},2023-09-10 18:02:10.672000+05:30
1694348749453,86.0,{},2023-09-10 17:55:49.453000+05:30
1694348369364,85.0,{},2023-09-10 17:49:29.364000+05:30
1694347986124,86.0,{},2023-09-10 17:43:06.124000+05:30
1694347604455,86.0,{},2023-09-10 17:36:44.455000+05:30
1694347224977,88.0,{},2023-09-10 17:30:24.977000+05:30
1694346841371,90.0,{},2023-09-10 17:24:01.371000+05:30
1694346459663,91.0,{},2023-09-10 17:17:39.663000+05:30
1694346086007,86.0,{},2023-09-10 17:11:26.007000+05:30
1694345706315,87.0,{},2023-09-10 17:05:06.315000+05:30
1694345322742,82.0,{},2023-09-10 16:58:42.742000+05:30
1694344941043,80.0,{},2023-09-10 16:52:21.043000+05:30
1694344559374,79.0,{},2023-09-10 16:45:59.374000+05:30
1694344177715,82.0,{},2023-09-10 16:39:37.715000+05:30
1694343795958,84.0,{},2023-09-10 16:33:15.958000+05:30
1694343416018,83.0,{},2023-09-10 16:26:56.018000+05:30
1694343032505,87.0,{},2023-09-10 16:20:32.505000+05:30
1694342650776,85.0,{},2023-09-10 16:14:10.776000+05:30
1694342270840,83.0,{},2023-09-10 16:07:50.840000+05:30
1694341887460,82.0,{},2023-09-10 16:01:27.460000+05:30
1694341505638,81.0,{},2023-09-10 15:55:05.638000+05:30
1694341125630,78.0,{},2023-09-10 15:48:45.630000+05:30
1694340360217,74.0,{},2023-09-10 15:36:00.217000+05:30
1694339978400,80.0,{},2023-09-10 15:29:38.400000+05:30
1694339596551,79.0,{},2023-09-10 15:23:16.551000+05:30
1694339214775,77.0,{},2023-09-10 15:16:54.775000+05:30
1694338834287,75.0,{},2023-09-10 15:10:34.287000+05:30
1694338450994,72.0,{},2023-09-10 15:04:10.994000+05:30
1694338069089,71.0,{},2023-09-10 14:57:49.089000+05:30
1694337687119,71.0,{},2023-09-10 14:51:27.119000+05:30
1694337305188,72.0,{},2023-09-10 14:45:05.188000+05:30
1694336923254,73.0,{},2023-09-10 14:38:43.254000+05:30
1694336541368,75.0,{},2023-09-10 14:32:21.368000+05:30
1694336159535,72.0,{},2023-09-10 14:25:59.535000+05:30
1694335777732,73.0,{},2023-09-10 14:19:37.732000+05:30
1694335395904,74.0,{},2023-09-10 14:13:15.904000+05:30
1694335014101,72.0,{},2023-09-10 14:06:54.101000+05:30
1694334632287,72.0,{},2023-09-10 14:00:32.287000+05:30
1694334252454,72.0,{},2023-09-10 13:54:12.454000+05:30
1694333868755,73.0,{},2023-09-10 13:47:48.755000+05:30
1694333486773,72.0,{},2023-09-10 13:41:26.773000+05:30
1694333104779,77.0,{},2023-09-10 13:35:04.779000+05:30
1694332723191,80.0,{},2023-09-10 13:28:43.191000+05:30
1694332341157,82.0,{},2023-09-10 13:22:21.157000+05:30
1694331959494,86.0,{},2023-09-10 13:15:59.494000+05:30
1694331577891,83.0,{},2023-09-10 13:09:37.891000+05:30
1694331196154,84.0,{},2023-09-10 13:03:16.154000+05:30
1694330814467,88.0,{},2023-09-10 12:56:54.467000+05:30
1694330432736,86.0,{},2023-09-10 12:50:32.736000+05:30
1694330051156,87.0,{},2023-09-10 12:44:11.156000+05:30
1694329671582,89.0,{},2023-09-10 12:37:51.582000+05:30
1694329287810,0.0,{},2023-09-10 12:31:27.810000+05:30
1694325852329,0.0,{},2023-09-10 11:34:12.329000+05:30
1694325470535,0.0,{},2023-09-10 11:27:50.535000+05:30
1694093812032,95.0,{},2023-09-07 19:06:52.032000+05:30
1694093429465,95.0,{},2023-09-07 19:00:29.465000+05:30
1694093047423,95.0,{},2023-09-07 18:54:07.423000+05:30
1694092284344,95.0,{},2023-09-07 18:41:24.344000+05:30
1694091903088,95.0,{},2023-09-07 18:35:03.088000+05:30
1694091521395,95.0,{},2023-09-07 18:28:41.395000+05:30
1694091139884,95.0,{},2023-09-07 18:22:19.884000+05:30
1694090760527,95.0,{},2023-09-07 18:16:00.527000+05:30
1694090376848,95.0,{},2023-09-07 18:09:36.848000+05:30
1694089995348,95.0,{},2023-09-07 18:03:15.348000+05:30
1694089613859,95.0,{},2023-09-07 17:56:53.859000+05:30
1694089232413,95.0,{},2023-09-07 17:50:32.413000+05:30
1694088850841,95.0,{},2023-09-07 17:44:10.841000+05:30
1694088469333,95.0,{},2023-09-07 17:37:49.333000+05:30
1694088087818,95.0,{},2023-09-07 17:31:27.818000+05:30
1694087706300,95.0,{},2023-09-07 17:25:06.300000+05:30
1694087324785,95.0,{},2023-09-07 17:18:44.785000+05:30
1694086943266,93.0,{},2023-09-07 17:12:23.266000+05:30
1694086561865,94.0,{},2023-09-07 17:06:01.865000+05:30
1694086180151,95.0,{},2023-09-07 16:59:40.151000+05:30
1694085798536,95.0,{},2023-09-07 16:53:18.536000+05:30
1694085416926,94.0,{},2023-09-07 16:46:56.926000+05:30
1694085035330,94.0,{},2023-09-07 16:40:35.330000+05:30
1694084653734,93.0,{},2023-09-07 16:34:13.734000+05:30
1694084272102,92.0,{},2023-09-07 16:27:52.102000+05:30
1694083890483,91.0,{},2023-09-07 16:21:30.483000+05:30
1694083508846,88.0,{},2023-09-07 16:15:08.846000+05:30
1694083127194,87.0,{},2023-09-07 16:08:47.194000+05:30
1694082745597,87.0,{},2023-09-07 16:02:25.597000+05:30
1694082364288,86.0,{},2023-09-07 15:56:04.288000+05:30
1694081982542,84.0,{},2023-09-07 15:49:42.542000+05:30
1694081601312,83.0,{},2023-09-07 15:43:21.312000+05:30
1694081219436,80.0,{},2023-09-07 15:36:59.436000+05:30
1694080837407,81.0,{},2023-09-07 15:30:37.407000+05:30
1694080455711,83.0,{},2023-09-07 15:24:15.711000+05:30
1694080074017,0.0,{},2023-09-07 15:17:54.017000+05:30
1693849931819,83.0,{},2023-09-04 23:22:11.819000+05:30
1693849550163,81.0,{},2023-09-04 23:15:50.163000+05:30
1693849168511,81.0,{},2023-09-04 23:09:28.511000+05:30
1693848788606,79.0,{},2023-09-04 23:03:08.606000+05:30
1693848405200,78.0,{},2023-09-04 22:56:45.200000+05:30
1693848023461,78.0,{},2023-09-04 22:50:23.461000+05:30
1693847261597,76.0,{},2023-09-04 22:37:41.597000+05:30
1693846496554,74.0,{},2023-09-04 22:24:56.554000+05:30
1693846114809,75.0,{},2023-09-04 22:18:34.809000+05:30
1693845733104,75.0,{},2023-09-04 22:12:13.104000+05:30
1693845352025,75.0,{},2023-09-04 22:05:52.025000+05:30
1693844969639,78.0,{},2023-09-04 21:59:29.639000+05:30
1693844587893,79.0,{},2023-09-04 21:53:07.893000+05:30
1693844206097,77.0,{},2023-09-04 21:46:46.097000+05:30
1693843824320,77.0,{},2023-09-04 21:40:24.320000+05:30
1693843442578,0.0,{},2023-09-04 21:34:02.578000+05:30
1693843061693,76.0,{},2023-09-04 21:27:41.693000+05:30
1693842678910,75.0,{},2023-09-04 21:21:18.910000+05:30
1693757259055,80.0,{},2023-09-03 21:37:39.055000+05:30
1693756877156,77.0,{},2023-09-03 21:31:17.156000+05:30
1693756495425,77.0,{},2023-09-03 21:24:55.425000+05:30
1693756113467,77.0,{},2023-09-03 21:18:33.467000+05:30
1693755731663,74.0,{},2023-09-03 21:12:11.663000+05:30
1693755349821,74.0,{},2023-09-03 21:05:49.821000+05:30
1693754967941,75.0,{},2023-09-03 20:59:27.941000+05:30
1693754586045,75.0,{},2023-09-03 20:53:06.045000+05:30
1693754204192,76.0,{},2023-09-03 20:46:44.192000+05:30
1693753822442,75.0,{},2023-09-03 20:40:22.442000+05:30
1693753440921,75.0,{},2023-09-03 20:34:00.921000+05:30
1693753058493,76.0,{},2023-09-03 20:27:38.493000+05:30
1693752676561,74.0,{},2023-09-03 20:21:16.561000+05:30
1693752296549,75.0,{},2023-09-03 20:14:56.549000+05:30
1693751912728,74.0,{},2023-09-03 20:08:32.728000+05:30
1693751530804,75.0,{},2023-09-03 20:02:10.804000+05:30
1693751148892,77.0,{},2023-09-03 19:55:48.892000+05:30
1693750766979,77.0,{},2023-09-03 19:49:26.979000+05:30
1693750385131,78.0,{},2023-09-03 19:43:05.131000+05:30
1693750003147,76.0,{},2023-09-03 19:36:43.147000+05:30
1693749621355,75.0,{},2023-09-03 19:30:21.355000+05:30
1693749239264,73.0,{},2023-09-03 19:23:59.264000+05:30
1693748092819,67.0,{},2023-09-03 19:04:52.819000+05:30
1693747710776,67.0,{},2023-09-03 18:58:30.776000+05:30
1693747328591,65.0,{},2023-09-03 18:52:08.591000+05:30
1693746946371,65.0,{},2023-09-03 18:45:46.371000+05:30
1693746564151,65.0,{},2023-09-03 18:39:24.151000+05:30
1693746181824,64.0,{},2023-09-03 18:33:01.824000+05:30
1693745799550,62.0,{},2023-09-03 18:26:39.550000+05:30
1693745419119,61.0,{},2023-09-03 18:20:19.119000+05:30
1693745034656,59.0,{},2023-09-03 18:13:54.656000+05:30
1693744652141,55.0,{},2023-09-03 18:07:32.141000+05:30
1693744269642,54.0,{},2023-09-03 18:01:09.642000+05:30
1693743887098,53.0,{},2023-09-03 17:54:47.098000+05:30
1693743504509,51.0,{},2023-09-03 17:48:24.509000+05:30
1693743121945,50.0,{},2023-09-03 17:42:01.945000+05:30
1693742739341,49.0,{},2023-09-03 17:35:39.341000+05:30
1693742356713,48.0,{},2023-09-03 17:29:16.713000+05:30
1693741974073,48.0,{},2023-09-03 17:22:54.073000+05:30
1693741591387,49.0,{},2023-09-03 17:16:31.387000+05:30
1693741209036,48.0,{},2023-09-03 17:10:09.036000+05:30
1693740826023,49.0,{},2023-09-03 17:03:46.023000+05:30
1693740451343,49.0,{},2023-09-03 16:57:31.343000+05:30
1693740068540,49.0,{},2023-09-03 16:51:08.540000+05:30
1693739685824,48.0,{},2023-09-03 16:44:45.824000+05:30
1693739303121,48.0,{},2023-09-03 16:38:23.121000+05:30
1693738920475,46.0,{},2023-09-03 16:32:00.475000+05:30
1693738537884,43.0,{},2023-09-03 16:25:37.884000+05:30
1693738154725,41.0,{},2023-09-03 16:19:14.725000+05:30
1693737771742,42.0,{},2023-09-03 16:12:51.742000+05:30
1693737388784,43.0,{},2023-09-03 16:06:28.784000+05:30
1693737005815,44.0,{},2023-09-03 16:00:05.815000+05:30
1693736623118,44.0,{},2023-09-03 15:53:43.118000+05:30
1693736240023,43.0,{},2023-09-03 15:47:20.023000+05:30
1693735857085,41.0,{},2023-09-03 15:40:57.085000+05:30
1693735474104,41.0,{},2023-09-03 15:34:34.104000+05:30
1693735091136,39.0,{},2023-09-03 15:28:11.136000+05:30
1693734707864,41.0,{},2023-09-03 15:21:47.864000+05:30
1693734324630,40.0,{},2023-09-03 15:15:24.630000+05:30
1693733866233,41.0,{},2023-09-03 15:07:46.233000+05:30
1693733483093,41.0,{},2023-09-03 15:01:23.093000+05:30
1693732717017,39.0,{},2023-09-03 14:48:37.017000+05:30
1693732333723,39.0,{},2023-09-03 14:42:13.723000+05:30
1693731284364,39.0,{},2023-09-03 14:24:44.364000+05:30
1693730903164,39.0,{},2023-09-03 14:18:23.164000+05:30
1693730518217,41.0,{},2023-09-03 14:11:58.217000+05:30
1693730135027,41.0,{},2023-09-03 14:05:35.027000+05:30
1693729751960,40.0,{},2023-09-03 13:59:11.960000+05:30
1693729368859,41.0,{},2023-09-03 13:52:48.859000+05:30
1693728985807,43.0,{},2023-09-03 13:46:25.807000+05:30
1693728602828,44.0,{},2023-09-03 13:40:02.828000+05:30
1693728219817,44.0,{},2023-09-03 13:33:39.817000+05:30
1693727836905,44.0,{},2023-09-03 13:27:16.905000+05:30
1693727454759,43.0,{},2023-09-03 13:20:54.759000+05:30
1693727070895,46.0,{},2023-09-03 13:14:30.895000+05:30
1693726687933,47.0,{},2023-09-03 13:08:07.933000+05:30
1693726305062,45.0,{},2023-09-03 13:01:45.062000+05:30
1693725922356,46.0,{},2023-09-03 12:55:22.356000+05:30
1693725539221,44.0,{},2023-09-03 12:48:59.221000+05:30
1693725156266,46.0,{},2023-09-03 12:42:36.266000+05:30
1693724776989,46.0,{},2023-09-03 12:36:16.989000+05:30
1693724390450,45.0,{},2023-09-03 12:29:50.450000+05:30
1693675893338,95.0,{},2023-09-02 23:01:33.338000+05:30
1693675511717,95.0,{},2023-09-02 22:55:11.717000+05:30
1693675129778,95.0,{},2023-09-02 22:48:49.778000+05:30
1693674756052,95.0,{},2023-09-02 22:42:36.052000+05:30
1693673992525,95.0,{},2023-09-02 22:29:52.525000+05:30
1693673610796,95.0,{},2023-09-02 22:23:30.796000+05:30
1693673229149,95.0,{},2023-09-02 22:17:09.149000+05:30
1693672847342,95.0,{},2023-09-02 22:10:47.342000+05:30
1693672465490,95.0,{},2023-09-02 22:04:25.490000+05:30
1693672083725,95.0,{},2023-09-02 21:58:03.725000+05:30
1693671320192,95.0,{},2023-09-02 21:45:20.192000+05:30
1693670940438,95.0,{},2023-09-02 21:39:00.438000+05:30
1693670174809,95.0,{},2023-09-02 21:26:14.809000+05:30
1693669792977,95.0,{},2023-09-02 21:19:52.977000+05:30
1693669412608,93.0,{},2023-09-02 21:13:32.608000+05:30
1693669029272,92.0,{},2023-09-02 21:07:09.272000+05:30
1693668647442,90.0,{},2023-09-02 21:00:47.442000+05:30
1693667884027,89.0,{},2023-09-02 20:48:04.027000+05:30
1693667501774,89.0,{},2023-09-02 20:41:41.774000+05:30
1693667119848,89.0,{},2023-09-02 20:35:19.848000+05:30
1693666739210,86.0,{},2023-09-02 20:28:59.210000+05:30
1693666356106,84.0,{},2023-09-02 20:22:36.106000+05:30
1693665974231,83.0,{},2023-09-02 20:16:14.231000+05:30
1693665592359,84.0,{},2023-09-02 20:09:52.359000+05:30
1693664828550,85.0,{},2023-09-02 19:57:08.550000+05:30
1693664446629,85.0,{},2023-09-02 19:50:46.629000+05:30
1693664064780,84.0,{},2023-09-02 19:44:24.780000+05:30
1693663683534,83.0,{},2023-09-02 19:38:03.534000+05:30
1693663300965,86.0,{},2023-09-02 19:31:40.965000+05:30
1693662919049,85.0,{},2023-09-02 19:25:19.049000+05:30
1693662537039,84.0,{},2023-09-02 19:18:57.039000+05:30
1693662155084,85.0,{},2023-09-02 19:12:35.084000+05:30
1693661773073,83.0,{},2023-09-02 19:06:13.073000+05:30
1693661391074,82.0,{},2023-09-02 18:59:51.074000+05:30
1693661009042,81.0,{},2023-09-02 18:53:29.042000+05:30
1693660627009,79.0,{},2023-09-02 18:47:07.009000+05:30
1693660245154,78.0,{},2023-09-02 18:40:45.154000+05:30
1693659870941,78.0,{},2023-09-02 18:34:30.941000+05:30
1693659488718,78.0,{},2023-09-02 18:28:08.718000+05:30
1693659106541,79.0,{},2023-09-02 18:21:46.541000+05:30
1693658724439,78.0,{},2023-09-02 18:15:24.439000+05:30
1693658342261,78.0,{},2023-09-02 18:09:02.261000+05:30
1693657961906,80.0,{},2023-09-02 18:02:41.906000+05:30
1693657578066,84.0,{},2023-09-02 17:56:18.066000+05:30
1693657195954,86.0,{},2023-09-02 17:49:55.954000+05:30
1693564703417,36.0,{},2023-09-01 16:08:23.417000+05:30
1693564319911,37.0,{},2023-09-01 16:01:59.911000+05:30
1693563936545,36.0,{},2023-09-01 15:55:36.545000+05:30
1693563553429,36.0,{},2023-09-01 15:49:13.429000+05:30
1693563171468,34.0,{},2023-09-01 15:42:51.468000+05:30
1693562786514,36.0,{},2023-09-01 15:36:26.514000+05:30
1693562403144,35.0,{},2023-09-01 15:30:03.144000+05:30
1693562019803,36.0,{},2023-09-01 15:23:39.803000+05:30
1693561253305,36.0,{},2023-09-01 15:10:53.305000+05:30
1693560869958,37.0,{},2023-09-01 15:04:29.958000+05:30
1693560486650,37.0,{},2023-09-01 14:58:06.650000+05:30
1693560103453,36.0,{},2023-09-01 14:51:43.453000+05:30
1693559720263,36.0,{},2023-09-01 14:45:20.263000+05:30
1693559337010,38.0,{},2023-09-01 14:38:57.010000+05:30
1693558954715,38.0,{},2023-09-01 14:32:34.715000+05:30
1693558570756,36.0,{},2023-09-01 14:26:10.756000+05:30
1693557804380,37.0,{},2023-09-01 14:13:24.380000+05:30
1693557421092,38.0,{},2023-09-01 14:07:01.092000+05:30
1693557038319,36.0,{},2023-09-01 14:00:38.319000+05:30
1693556654596,39.0,{},2023-09-01 13:54:14.596000+05:30
1693556271479,42.0,{},2023-09-01 13:47:51.479000+05:30
1693555505836,42.0,{},2023-09-01 13:35:05.836000+05:30
1693555122761,42.0,{},2023-09-01 13:28:42.761000+05:30
1693554739856,42.0,{},2023-09-01 13:22:19.856000+05:30
1693467113214,39.0,{},2023-08-31 13:01:53.214000+05:30
1693466346951,42.0,{},2023-08-31 12:49:06.951000+05:30
1693465580830,41.0,{},2023-08-31 12:36:20.830000+05:30
1693465197807,41.0,{},2023-08-31 12:29:57.807000+05:30
1693464814871,41.0,{},2023-08-31 12:23:34.871000+05:30
1693464431942,41.0,{},2023-08-31 12:17:11.942000+05:30
1693464049083,41.0,{},2023-08-31 12:10:49.083000+05:30
1693463666099,41.0,{},2023-08-31 12:04:26.099000+05:30
1693463283264,43.0,{},2023-08-31 11:58:03.264000+05:30
1693462901200,45.0,{},2023-08-31 11:51:41.200000+05:30
1693462134812,49.0,{},2023-08-31 11:38:54.812000+05:30
1693461752136,48.0,{},2023-08-31 11:32:32.136000+05:30
1693461369313,49.0,{},2023-08-31 11:26:09.313000+05:30
1693460986635,48.0,{},2023-08-31 11:19:46.635000+05:30
1693460603933,49.0,{},2023-08-31 11:13:23.933000+05:30
1693460224991,0.0,{},2023-08-31 11:07:04.991000+05:30
1693400675692,49.0,{},2023-08-30 18:34:35.692000+05:30
1693400293335,50.0,{},2023-08-30 18:28:13.335000+05:30
1693399910922,48.0,{},2023-08-30 18:21:50.922000+05:30
1693399528513,48.0,{},2023-08-30 18:15:28.513000+05:30
1693399146124,47.0,{},2023-08-30 18:09:06.124000+05:30
1693398763587,45.0,{},2023-08-30 18:02:43.587000+05:30
1693398381287,44.0,{},2023-08-30 17:56:21.287000+05:30
1693397998486,44.0,{},2023-08-30 17:49:58.486000+05:30
1693397233981,42.0,{},2023-08-30 17:37:13.981000+05:30
1693396850957,42.0,{},2023-08-30 17:30:50.957000+05:30
1693396468355,42.0,{},2023-08-30 17:24:28.355000+05:30
1693396085815,43.0,{},2023-08-30 17:18:05.815000+05:30
1693395703291,44.0,{},2023-08-30 17:11:43.291000+05:30
1693395320710,45.0,{},2023-08-30 17:05:20.710000+05:30
1693394938291,45.0,{},2023-08-30 16:58:58.291000+05:30
1693394557551,45.0,{},2023-08-30 16:52:37.551000+05:30
1693394173177,44.0,{},2023-08-30 16:46:13.177000+05:30
1693393790657,45.0,{},2023-08-30 16:39:50.657000+05:30
1693393408137,42.0,{},2023-08-30 16:33:28.137000+05:30
1693393025539,40.0,{},2023-08-30 16:27:05.539000+05:30
1693392642870,41.0,{},2023-08-30 16:20:42.870000+05:30
1693392260206,43.0,{},2023-08-30 16:14:20.206000+05:30
1693391879384,42.0,{},2023-08-30 16:07:59.384000+05:30
1693391496362,44.0,{},2023-08-30 16:01:36.362000+05:30
1693391111917,43.0,{},2023-08-30 15:55:11.917000+05:30
1693390729315,43.0,{},2023-08-30 15:48:49.315000+05:30
1693390347099,43.0,{},2023-08-30 15:42:27.099000+05:30
1693389964145,41.0,{},2023-08-30 15:36:04.145000+05:30
1693389581044,42.0,{},2023-08-30 15:29:41.044000+05:30
1693388815461,44.0,{},2023-08-30 15:16:55.461000+05:30
1693388432857,44.0,{},2023-08-30 15:10:32.857000+05:30
1693388050245,43.0,{},2023-08-30 15:04:10.245000+05:30
1693387667395,42.0,{},2023-08-30 14:57:47.395000+05:30
1693387284641,41.0,{},2023-08-30 14:51:24.641000+05:30
1693386901834,44.0,{},2023-08-30 14:45:01.834000+05:30
1693386519024,41.0,{},2023-08-30 14:38:39.024000+05:30
1693386136614,40.0,{},2023-08-30 14:32:16.614000+05:30
1693385753583,40.0,{},2023-08-30 14:25:53.583000+05:30
1693385370329,40.0,{},2023-08-30 14:19:30.329000+05:30
1693384987366,41.0,{},2023-08-30 14:13:07.366000+05:30
1693384604486,40.0,{},2023-08-30 14:06:44.486000+05:30
1693384222053,39.0,{},2023-08-30 14:00:22.053000+05:30
1693383838989,41.0,{},2023-08-30 13:53:58.989000+05:30
1693383456024,41.0,{},2023-08-30 13:47:36.024000+05:30
1693383073007,42.0,{},2023-08-30 13:41:13.007000+05:30
1693382307264,42.0,{},2023-08-30 13:28:27.264000+05:30
1693381925537,44.0,{},2023-08-30 13:22:05.537000+05:30
1693381541580,46.0,{},2023-08-30 13:15:41.580000+05:30
1693381158812,46.0,{},2023-08-30 13:09:18.812000+05:30
1693380776072,47.0,{},2023-08-30 13:02:56.072000+05:30
1693380393387,46.0,{},2023-08-30 12:56:33.387000+05:30
1693380012554,48.0,{},2023-08-30 12:50:12.554000+05:30
1693379628136,51.0,{},2023-08-30 12:43:48.136000+05:30
1693378866145,48.0,{},2023-08-30 12:31:06.145000+05:30
1693378482266,50.0,{},2023-08-30 12:24:42.266000+05:30
1693378097931,50.0,{},2023-08-30 12:18:17.931000+05:30
1693377715493,50.0,{},2023-08-30 12:11:55.493000+05:30
1693377335486,53.0,{},2023-08-30 12:05:35.486000+05:30
1693376950415,54.0,{},2023-08-30 11:59:10.415000+05:30
1693367718026,90.0,{},2023-08-30 09:25:18.026000+05:30
1693367336402,93.0,{},2023-08-30 09:18:56.402000+05:30
1693366954732,95.0,{},2023-08-30 09:12:34.732000+05:30
1693366573012,95.0,{},2023-08-30 09:06:13.012000+05:30
1693366191440,95.0,{},2023-08-30 08:59:51.440000+05:30
1693365809740,95.0,{},2023-08-30 08:53:29.740000+05:30
1693365428195,95.0,{},2023-08-30 08:47:08.195000+05:30
1693365046771,95.0,{},2023-08-30 08:40:46.771000+05:30
1693334923768,95.0,{},2023-08-30 00:18:43.768000+05:30
1693334160607,95.0,{},2023-08-30 00:06:00.607000+05:30
1693333787056,95.0,{},2023-08-29 23:59:47.056000+05:30
1693333023976,95.0,{},2023-08-29 23:47:03.976000+05:30
1693332642443,95.0,{},2023-08-29 23:40:42.443000+05:30
1693332261044,95.0,{},2023-08-29 23:34:21.044000+05:30
1693331879351,95.0,{},2023-08-29 23:27:59.351000+05:30
1693331497781,95.0,{},2023-08-29 23:21:37.781000+05:30
1693331117114,95.0,{},2023-08-29 23:15:17.114000+05:30
1693330734844,95.0,{},2023-08-29 23:08:54.844000+05:30
1693330356406,95.0,{},2023-08-29 23:02:36.406000+05:30
1693329971432,95.0,{},2023-08-29 22:56:11.432000+05:30
1693329597784,95.0,{},2023-08-29 22:49:57.784000+05:30
1693329216205,95.0,{},2023-08-29 22:43:36.205000+05:30
1693328834590,95.0,{},2023-08-29 22:37:14.590000+05:30
1693328453023,95.0,{},2023-08-29 22:30:53.023000+05:30
1693328071423,95.0,{},2023-08-29 22:24:31.423000+05:30
1693327697920,95.0,{},2023-08-29 22:18:17.920000+05:30
1693327329894,95.0,{},2023-08-29 22:12:09.894000+05:30
1693326938863,95.0,{},2023-08-29 22:05:38.863000+05:30
1693326552972,95.0,{},2023-08-29 21:59:12.972000+05:30
1693326171329,95.0,{},2023-08-29 21:52:51.329000+05:30
1693325789704,94.0,{},2023-08-29 21:46:29.704000+05:30
1693325408050,93.0,{},2023-08-29 21:40:08.050000+05:30
1693325026397,91.0,{},2023-08-29 21:33:46.397000+05:30
1693324646329,89.0,{},2023-08-29 21:27:26.329000+05:30
1693324263037,89.0,{},2023-08-29 21:21:03.037000+05:30
1693323881329,87.0,{},2023-08-29 21:14:41.329000+05:30
1693323499658,86.0,{},2023-08-29 21:08:19.658000+05:30
1693323117991,85.0,{},2023-08-29 21:01:57.991000+05:30
1693322736265,83.0,{},2023-08-29 20:55:36.265000+05:30
1693322354641,81.0,{},2023-08-29 20:49:14.641000+05:30
1693321972743,81.0,{},2023-08-29 20:42:52.743000+05:30
1693321590991,81.0,{},2023-08-29 20:36:30.991000+05:30
1693321209254,82.0,{},2023-08-29 20:30:09.254000+05:30
1693320827525,82.0,{},2023-08-29 20:23:47.525000+05:30
1693320445774,84.0,{},2023-08-29 20:17:25.774000+05:30
1693320064129,85.0,{},2023-08-29 20:11:04.129000+05:30
1693317943888,64.0,{},2023-08-29 19:35:43.888000+05:30
1693317562007,63.0,{},2023-08-29 19:29:22.007000+05:30
1693317181774,62.0,{},2023-08-29 19:23:01.774000+05:30
1693316798099,61.0,{},2023-08-29 19:16:38.099000+05:30
1693316034185,59.0,{},2023-08-29 19:03:54.185000+05:30
1693315652585,57.0,{},2023-08-29 18:57:32.585000+05:30
1693315049058,55.0,{},2023-08-29 18:47:29.058000+05:30
1693313902804,51.0,{},2023-08-29 18:28:22.804000+05:30
1693313520679,50.0,{},2023-08-29 18:22:00.679000+05:30
1693313138461,50.0,{},2023-08-29 18:15:38.461000+05:30
1693312756258,49.0,{},2023-08-29 18:09:16.258000+05:30
1693312374078,47.0,{},2023-08-29 18:02:54.078000+05:30
1693311991762,48.0,{},2023-08-29 17:56:31.762000+05:30
1693311609408,47.0,{},2023-08-29 17:50:09.408000+05:30
1693311227047,47.0,{},2023-08-29 17:43:47.047000+05:30
1693310844594,46.0,{},2023-08-29 17:37:24.594000+05:30
1693310462154,45.0,{},2023-08-29 17:31:02.154000+05:30
1693310079673,45.0,{},2023-08-29 17:24:39.673000+05:30
1693309697192,46.0,{},2023-08-29 17:18:17.192000+05:30
1693309314676,45.0,{},2023-08-29 17:11:54.676000+05:30
1693308932197,45.0,{},2023-08-29 17:05:32.197000+05:30
1693308549696,45.0,{},2023-08-29 16:59:09.696000+05:30
1693308167514,44.0,{},2023-08-29 16:52:47.514000+05:30
1693307784673,46.0,{},2023-08-29 16:46:24.673000+05:30
1693307402298,45.0,{},2023-08-29 16:40:02.298000+05:30
1693307019742,46.0,{},2023-08-29 16:33:39.742000+05:30
1693306637235,46.0,{},2023-08-29 16:27:17.235000+05:30
1693306254816,47.0,{},2023-08-29 16:20:54.816000+05:30
1693305872534,46.0,{},2023-08-29 16:14:32.534000+05:30
1693305490028,45.0,{},2023-08-29 16:08:10.028000+05:30
1693305107620,43.0,{},2023-08-29 16:01:47.620000+05:30
1693304342891,43.0,{},2023-08-29 15:49:02.891000+05:30
1693303959863,42.0,{},2023-08-29 15:42:39.863000+05:30
1693303194739,45.0,{},2023-08-29 15:29:54.739000+05:30
1693302812190,49.0,{},2023-08-29 15:23:32.190000+05:30
1693302429641,52.0,{},2023-08-29 15:17:09.641000+05:30
1693302047494,51.0,{},2023-08-29 15:10:47.494000+05:30
1693301664957,51.0,{},2023-08-29 15:04:24.957000+05:30
1693301282531,51.0,{},2023-08-29 14:58:02.531000+05:30
1693300900365,50.0,{},2023-08-29 14:51:40.365000+05:30
1693300517736,47.0,{},2023-08-29 14:45:17.736000+05:30
1693300135365,45.0,{},2023-08-29 14:38:55.365000+05:30
1693299752685,45.0,{},2023-08-29 14:32:32.685000+05:30
1693299370100,49.0,{},2023-08-29 14:26:10.100000+05:30
1693298987576,52.0,{},2023-08-29 14:19:47.576000+05:30
1693298605077,50.0,{},2023-08-29 14:13:25.077000+05:30
1693298222654,48.0,{},2023-08-29 14:07:02.654000+05:30
1693297840092,47.0,{},2023-08-29 14:00:40.092000+05:30
1693297457573,50.0,{},2023-08-29 13:54:17.573000+05:30
1693297075043,50.0,{},2023-08-29 13:47:55.043000+05:30
1693296692518,50.0,{},2023-08-29 13:41:32.518000+05:30
1693296310064,53.0,{},2023-08-29 13:35:10.064000+05:30
1693295927536,54.0,{},2023-08-29 13:28:47.536000+05:30
1693295545036,50.0,{},2023-08-29 13:22:25.036000+05:30
1693295162568,49.0,{},2023-08-29 13:16:02.568000+05:30
1693294780004,50.0,{},2023-08-29 13:09:40.004000+05:30
1693294397483,53.0,{},2023-08-29 13:03:17.483000+05:30
1693294014991,54.0,{},2023-08-29 12:56:54.991000+05:30
1693293634962,56.0,{},2023-08-29 12:50:34.962000+05:30
1693293250231,59.0,{},2023-08-29 12:44:10.231000+05:30
1693292869058,60.0,{},2023-08-29 12:37:49.058000+05:30
1693292485610,64.0,{},2023-08-29 12:31:25.610000+05:30
1693291368376,56.0,{},2023-08-29 12:12:48.376000+05:30
1693290984366,61.0,{},2023-08-29 12:06:24.366000+05:30
1693290601844,60.0,{},2023-08-29 12:00:01.844000+05:30
1693290220695,61.0,{},2023-08-29 11:53:40.695000+05:30
1693289837384,63.0,{},2023-08-29 11:47:17.384000+05:30
1693289455250,65.0,{},2023-08-29 11:40:55.250000+05:30
1693288690973,68.0,{},2023-08-29 11:28:10.973000+05:30
1693288308944,68.0,{},2023-08-29 11:21:48.944000+05:30
1693287927214,67.0,{},2023-08-29 11:15:27.214000+05:30
1693287545029,64.0,{},2023-08-29 11:09:05.029000+05:30
1693287163152,66.0,{},2023-08-29 11:02:43.152000+05:30
1693286398377,71.0,{},2023-08-29 10:49:58.377000+05:30
1693286016272,75.0,{},2023-08-29 10:43:36.272000+05:30
1693285634202,73.0,{},2023-08-29 10:37:14.202000+05:30
1693285252222,75.0,{},2023-08-29 10:30:52.222000+05:30
1693284870295,78.0,{},2023-08-29 10:24:30.295000+05:30
1693284488359,86.0,{},2023-08-29 10:18:08.359000+05:30
1693284106456,90.0,{},2023-08-29 10:11:46.456000+05:30
1693283733240,95.0,{},2023-08-29 10:05:33.240000+05:30
1693283350866,95.0,{},2023-08-29 09:59:10.866000+05:30
1693282969126,95.0,{},2023-08-29 09:52:49.126000+05:30
1693282587394,95.0,{},2023-08-29 09:46:27.394000+05:30
1693282205883,95.0,{},2023-08-29 09:40:05.883000+05:30
1693281442331,95.0,{},2023-08-29 09:27:22.331000+05:30
1693250556354,95.0,{},2023-08-29 00:52:36.354000+05:30
1693249801561,95.0,{},2023-08-29 00:40:01.561000+05:30
1693249420196,95.0,{},2023-08-29 00:33:40.196000+05:30
1693249039251,95.0,{},2023-08-29 00:27:19.251000+05:30
1693248657350,95.0,{},2023-08-29 00:20:57.350000+05:30
1693247894473,95.0,{},2023-08-29 00:08:14.473000+05:30
1693247513167,95.0,{},2023-08-29 00:01:53.167000+05:30
1693246750451,95.0,{},2023-08-28 23:49:10.451000+05:30
1693246376821,95.0,{},2023-08-28 23:42:56.821000+05:30
1693245995366,95.0,{},2023-08-28 23:36:35.366000+05:30
1693245232522,95.0,{},2023-08-28 23:23:52.522000+05:30
1693244851128,95.0,{},2023-08-28 23:17:31.128000+05:30
1693244471857,95.0,{},2023-08-28 23:11:11.857000+05:30
1693244088144,95.0,{},2023-08-28 23:04:48.144000+05:30
1693243706704,95.0,{},2023-08-28 22:58:26.704000+05:30
1693243325251,95.0,{},2023-08-28 22:52:05.251000+05:30
1693242943728,95.0,{},2023-08-28 22:45:43.728000+05:30
1693242562247,95.0,{},2023-08-28 22:39:22.247000+05:30
1693242180848,95.0,{},2023-08-28 22:33:00.848000+05:30
1693241799258,95.0,{},2023-08-28 22:26:39.258000+05:30
1693241417787,95.0,{},2023-08-28 22:20:17.787000+05:30
1693241036281,95.0,{},2023-08-28 22:13:56.281000+05:30
1693240273291,95.0,{},2023-08-28 22:01:13.291000+05:30
1693239891753,95.0,{},2023-08-28 21:54:51.753000+05:30
1693239510336,95.0,{},2023-08-28 21:48:30.336000+05:30
1693239128695,95.0,{},2023-08-28 21:42:08.695000+05:30
1693238747368,95.0,{},2023-08-28 21:35:47.368000+05:30
1693238365635,95.0,{},2023-08-28 21:29:25.635000+05:30
1693237984094,95.0,{},2023-08-28 21:23:04.094000+05:30
1693237602549,95.0,{},2023-08-28 21:16:42.549000+05:30
1693236839422,94.0,{},2023-08-28 21:03:59.422000+05:30
1693236457861,92.0,{},2023-08-28 20:57:37.861000+05:30
1693236076283,92.0,{},2023-08-28 20:51:16.283000+05:30
1693235694701,90.0,{},2023-08-28 20:44:54.701000+05:30
1693235313549,89.0,{},2023-08-28 20:38:33.549000+05:30
1693234931494,88.0,{},2023-08-28 20:32:11.494000+05:30
1693234549849,87.0,{},2023-08-28 20:25:49.849000+05:30
1693234087400,86.0,{},2023-08-28 20:18:07.400000+05:30
1693233705557,85.0,{},2023-08-28 20:11:45.557000+05:30
1693233323880,83.0,{},2023-08-28 20:05:23.880000+05:30
1693232942141,82.0,{},2023-08-28 19:59:02.141000+05:30
1693232560379,81.0,{},2023-08-28 19:52:40.379000+05:30
1693232181557,79.0,{},2023-08-28 19:46:21.557000+05:30
1693231797399,78.0,{},2023-08-28 19:39:57.399000+05:30
1693231415083,77.0,{},2023-08-28 19:33:35.083000+05:30
1693231033317,74.0,{},2023-08-28 19:27:13.317000+05:30
1693230651507,73.0,{},2023-08-28 19:20:51.507000+05:30
1693230269671,70.0,{},2023-08-28 19:14:29.671000+05:30
1693229887871,69.0,{},2023-08-28 19:08:07.871000+05:30
1693229506146,68.0,{},2023-08-28 19:01:46.146000+05:30
1693229124150,66.0,{},2023-08-28 18:55:24.150000+05:30
1693228742359,66.0,{},2023-08-28 18:49:02.359000+05:30
1693228360330,65.0,{},2023-08-28 18:42:40.330000+05:30
1693227978401,65.0,{},2023-08-28 18:36:18.401000+05:30
1693227596392,65.0,{},2023-08-28 18:29:56.392000+05:30
1693227214377,64.0,{},2023-08-28 18:23:34.377000+05:30
1693226832318,63.0,{},2023-08-28 18:17:12.318000+05:30
1693226450339,62.0,{},2023-08-28 18:10:50.339000+05:30
1693226068083,60.0,{},2023-08-28 18:04:28.083000+05:30
1693225686091,60.0,{},2023-08-28 17:58:06.091000+05:30
1693225303684,59.0,{},2023-08-28 17:51:43.684000+05:30
1693224921421,57.0,{},2023-08-28 17:45:21.421000+05:30
1693224539121,56.0,{},2023-08-28 17:38:59.121000+05:30
1693223010103,51.0,{},2023-08-28 17:13:30.103000+05:30
1693222628445,50.0,{},2023-08-28 17:07:08.445000+05:30
1693222244861,48.0,{},2023-08-28 17:00:44.861000+05:30
1693221862550,50.0,{},2023-08-28 16:54:22.550000+05:30
1693221480008,51.0,{},2023-08-28 16:48:00.008000+05:30
1693221097571,50.0,{},2023-08-28 16:41:37.571000+05:30
1693220715191,50.0,{},2023-08-28 16:35:15.191000+05:30
1693214369774,45.0,{},2023-08-28 14:49:29.774000+05:30
1693213987298,45.0,{},2023-08-28 14:43:07.298000+05:30
1693213604778,45.0,{},2023-08-28 14:36:44.778000+05:30
1693213222283,44.0,{},2023-08-28 14:30:22.283000+05:30
1693212839757,46.0,{},2023-08-28 14:23:59.757000+05:30
1693212457139,47.0,{},2023-08-28 14:17:37.139000+05:30
1693212074580,49.0,{},2023-08-28 14:11:14.580000+05:30
1693211692092,52.0,{},2023-08-28 14:04:52.092000+05:30
1693211309852,56.0,{},2023-08-28 13:58:29.852000+05:30
1693210927306,55.0,{},2023-08-28 13:52:07.306000+05:30
1693210545108,55.0,{},2023-08-28 13:45:45.108000+05:30
1693210162949,54.0,{},2023-08-28 13:39:22.949000+05:30
1693209780790,55.0,{},2023-08-28 13:33:00.790000+05:30
1693209398558,61.0,{},2023-08-28 13:26:38.558000+05:30
1693207341810,54.0,{},2023-08-28 12:52:21.810000+05:30
1693206959545,58.0,{},2023-08-28 12:45:59.545000+05:30
1693206577501,62.0,{},2023-08-28 12:39:37.501000+05:30
1693206195510,61.0,{},2023-08-28 12:33:15.510000+05:30
1693147780253,95.0,{},2023-08-27 20:19:40.253000+05:30
1693147398907,95.0,{},2023-08-27 20:13:18.907000+05:30
1693147017442,95.0,{},2023-08-27 20:06:57.442000+05:30
1693146635996,95.0,{},2023-08-27 20:00:35.996000+05:30
1693146254552,95.0,{},2023-08-27 19:54:14.552000+05:30
1693145873134,95.0,{},2023-08-27 19:47:53.134000+05:30
1693145492022,95.0,{},2023-08-27 19:41:32.022000+05:30
1693145110293,95.0,{},2023-08-27 19:35:10.293000+05:30
1693144728792,94.0,{},2023-08-27 19:28:48.792000+05:30
1693143965837,93.0,{},2023-08-27 19:16:05.837000+05:30
1693143584407,95.0,{},2023-08-27 19:09:44.407000+05:30
1693143203051,95.0,{},2023-08-27 19:03:23.051000+05:30
1693142821588,95.0,{},2023-08-27 18:57:01.588000+05:30
1693142439772,95.0,{},2023-08-27 18:50:39.772000+05:30
1693142058269,95.0,{},2023-08-27 18:44:18.269000+05:30
1693141676669,95.0,{},2023-08-27 18:37:56.669000+05:30
1693141295081,95.0,{},2023-08-27 18:31:35.081000+05:30
1693140913842,95.0,{},2023-08-27 18:25:13.842000+05:30
1693140531858,95.0,{},2023-08-27 18:18:51.858000+05:30
1693140151584,95.0,{},2023-08-27 18:12:31.584000+05:30
1693139768519,95.0,{},2023-08-27 18:06:08.519000+05:30
1693139388494,95.0,{},2023-08-27 17:59:48.494000+05:30
1693139005189,95.0,{},2023-08-27 17:53:25.189000+05:30
1693138623549,95.0,{},2023-08-27 17:47:03.549000+05:30
1693138241759,91.0,{},2023-08-27 17:40:41.759000+05:30
1693137860062,89.0,{},2023-08-27 17:34:20.062000+05:30
1693137478446,91.0,{},2023-08-27 17:27:58.446000+05:30
1693137096639,92.0,{},2023-08-27 17:21:36.639000+05:30
1693136715056,94.0,{},2023-08-27 17:15:15.056000+05:30
1693136333244,95.0,{},2023-08-27 17:08:53.244000+05:30
1693135951943,95.0,{},2023-08-27 17:02:31.943000+05:30
1693135569928,95.0,{},2023-08-27 16:56:09.928000+05:30
1693135188328,95.0,{},2023-08-27 16:49:48.328000+05:30
1693134806620,95.0,{},2023-08-27 16:43:26.620000+05:30
1693134425011,95.0,{},2023-08-27 16:37:05.011000+05:30
1693134043365,95.0,{},2023-08-27 16:30:43.365000+05:30
1693133661776,95.0,{},2023-08-27 16:24:21.776000+05:30
1693133281195,95.0,{},2023-08-27 16:18:01.195000+05:30
1693132898567,95.0,{},2023-08-27 16:11:38.567000+05:30
1693132517040,95.0,{},2023-08-27 16:05:17.040000+05:30
1693132135346,95.0,{},2023-08-27 15:58:55.346000+05:30
1693131372191,95.0,{},2023-08-27 15:46:12.191000+05:30
1693125648038,95.0,{},2023-08-27 14:10:48.038000+05:30
1693125266451,95.0,{},2023-08-27 14:04:26.451000+05:30
1693124884906,95.0,{},2023-08-27 13:58:04.906000+05:30
1693123740071,95.0,{},2023-08-27 13:39:00.071000+05:30
1693123358453,95.0,{},2023-08-27 13:32:38.453000+05:30
1693122976909,95.0,{},2023-08-27 13:26:16.909000+05:30
1693122595316,95.0,{},2023-08-27 13:19:55.316000+05:30
1693122213759,95.0,{},2023-08-27 13:13:33.759000+05:30
1693119285077,95.0,{},2023-08-27 12:24:45.077000+05:30
1693115430991,95.0,{},2023-08-27 11:20:30.991000+05:30
1693115049274,95.0,{},2023-08-27 11:14:09.274000+05:30
1693114667546,95.0,{},2023-08-27 11:07:47.546000+05:30
1693114285830,95.0,{},2023-08-27 11:01:25.830000+05:30
1693113904089,95.0,{},2023-08-27 10:55:04.089000+05:30
1693113524337,95.0,{},2023-08-27 10:48:44.337000+05:30
1693113140646,95.0,{},2023-08-27 10:42:20.646000+05:30
1693112759039,95.0,{},2023-08-27 10:35:59.039000+05:30
1693112377150,90.0,{},2023-08-27 10:29:37.150000+05:30
1693111995494,91.0,{},2023-08-27 10:23:15.494000+05:30
1693111613580,93.0,{},2023-08-27 10:16:53.580000+05:30
1693110850042,95.0,{},2023-08-27 10:04:10.042000+05:30
1693110468563,95.0,{},2023-08-27 09:57:48.563000+05:30
1693110086530,95.0,{},2023-08-27 09:51:26.530000+05:30
1693109717006,95.0,{},2023-08-27 09:45:17.006000+05:30
1693109323179,95.0,{},2023-08-27 09:38:43.179000+05:30
1693074105268,95.0,{},2023-08-26 23:51:45.268000+05:30
1693073723755,95.0,{},2023-08-26 23:45:23.755000+05:30
1693073342239,95.0,{},2023-08-26 23:39:02.239000+05:30
1693072960668,95.0,{},2023-08-26 23:32:40.668000+05:30
1693072579099,95.0,{},2023-08-26 23:26:19.099000+05:30
1693072197515,95.0,{},2023-08-26 23:19:57.515000+05:30
1693071434364,95.0,{},2023-08-26 23:07:14.364000+05:30
1693070671202,95.0,{},2023-08-26 22:54:31.202000+05:30
1693070289660,95.0,{},2023-08-26 22:48:09.660000+05:30
1693069908149,95.0,{},2023-08-26 22:41:48.149000+05:30
1693069526524,95.0,{},2023-08-26 22:35:26.524000+05:30
1693069145216,95.0,{},2023-08-26 22:29:05.216000+05:30
1693068763366,95.0,{},2023-08-26 22:22:43.366000+05:30
1693068381831,95.0,{},2023-08-26 22:16:21.831000+05:30
1693068000350,95.0,{},2023-08-26 22:10:00.350000+05:30
1693067618695,95.0,{},2023-08-26 22:03:38.695000+05:30
1693067237124,95.0,{},2023-08-26 21:57:17.124000+05:30
1693066855556,95.0,{},2023-08-26 21:50:55.556000+05:30
1693066473978,95.0,{},2023-08-26 21:44:33.978000+05:30
1693065710893,95.0,{},2023-08-26 21:31:50.893000+05:30
1693065329322,95.0,{},2023-08-26 21:25:29.322000+05:30
1693064947827,95.0,{},2023-08-26 21:19:07.827000+05:30
1693063838986,95.0,{},2023-08-26 21:00:38.986000+05:30
1693063457418,95.0,{},2023-08-26 20:54:17.418000+05:30
1693062696447,95.0,{},2023-08-26 20:41:36.447000+05:30
1693062312731,95.0,{},2023-08-26 20:35:12.731000+05:30
1693061931020,93.0,{},2023-08-26 20:28:51.020000+05:30
1693061549367,93.0,{},2023-08-26 20:22:29.367000+05:30
1693061167658,92.0,{},2023-08-26 20:16:07.658000+05:30
1693060785943,93.0,{},2023-08-26 20:09:45.943000+05:30
1693060404277,92.0,{},2023-08-26 20:03:24.277000+05:30
1693060022580,90.0,{},2023-08-26 19:57:02.580000+05:30
1693059640875,90.0,{},2023-08-26 19:50:40.875000+05:30
1693059259446,90.0,{},2023-08-26 19:44:19.446000+05:30
1693058877472,90.0,{},2023-08-26 19:37:57.472000+05:30
1693058495650,89.0,{},2023-08-26 19:31:35.650000+05:30
1693058113902,89.0,{},2023-08-26 19:25:13.902000+05:30
1693057732150,89.0,{},2023-08-26 19:18:52.150000+05:30
1693057351195,88.0,{},2023-08-26 19:12:31.195000+05:30
1693056586825,84.0,{},2023-08-26 18:59:46.825000+05:30
1693056205032,79.0,{},2023-08-26 18:53:25.032000+05:30
1693055823197,73.0,{},2023-08-26 18:47:03.197000+05:30
1693055441344,71.0,{},2023-08-26 18:40:41.344000+05:30
1693055059402,70.0,{},2023-08-26 18:34:19.402000+05:30
1693054677473,69.0,{},2023-08-26 18:27:57.473000+05:30
1693054295600,69.0,{},2023-08-26 18:21:35.600000+05:30
1693053913627,69.0,{},2023-08-26 18:15:13.627000+05:30
1693053531619,69.0,{},2023-08-26 18:08:51.619000+05:30
1693052316574,60.0,{},2023-08-26 17:48:36.574000+05:30
1693051934339,59.0,{},2023-08-26 17:42:14.339000+05:30
1693051552117,58.0,{},2023-08-26 17:35:52.117000+05:30
1693051169842,58.0,{},2023-08-26 17:29:29.842000+05:30
1693050787805,58.0,{},2023-08-26 17:23:07.805000+05:30
1693050405294,58.0,{},2023-08-26 17:16:45.294000+05:30
1693050022965,59.0,{},2023-08-26 17:10:22.965000+05:30
1693049640626,57.0,{},2023-08-26 17:04:00.626000+05:30
1693049258252,59.0,{},2023-08-26 16:57:38.252000+05:30
1693048875988,59.0,{},2023-08-26 16:51:15.988000+05:30
1693048493438,58.0,{},2023-08-26 16:44:53.438000+05:30
1693048111028,58.0,{},2023-08-26 16:38:31.028000+05:30
1693047728619,58.0,{},2023-08-26 16:32:08.619000+05:30
1693047346218,58.0,{},2023-08-26 16:25:46.218000+05:30
1693046963764,57.0,{},2023-08-26 16:19:23.764000+05:30
1693046581295,56.0,{},2023-08-26 16:13:01.295000+05:30
1693046198799,58.0,{},2023-08-26 16:06:38.799000+05:30
1693045816346,59.0,{},2023-08-26 16:00:16.346000+05:30
1693045433995,60.0,{},2023-08-26 15:53:53.995000+05:30
1693045051451,60.0,{},2023-08-26 15:47:31.451000+05:30
1693044669026,62.0,{},2023-08-26 15:41:09.026000+05:30
1693043904254,62.0,{},2023-08-26 15:28:24.254000+05:30
1693043521952,62.0,{},2023-08-26 15:22:01.952000+05:30
1692965707892,86.0,{},2023-08-25 17:45:07.892000+05:30
1692965326033,86.0,{},2023-08-25 17:38:46.033000+05:30
1692964943922,87.0,{},2023-08-25 17:32:23.922000+05:30
1692964562082,84.0,{},2023-08-25 17:26:02.082000+05:30
1692964180149,87.0,{},2023-08-25 17:19:40.149000+05:30
1692963798170,89.0,{},2023-08-25 17:13:18.170000+05:30
1692963416206,92.0,{},2023-08-25 17:06:56.206000+05:30
1692963034219,95.0,{},2023-08-25 17:00:34.219000+05:30
1692962652273,89.0,{},2023-08-25 16:54:12.273000+05:30
1692962270312,81.0,{},2023-08-25 16:47:50.312000+05:30
1692961888326,70.0,{},2023-08-25 16:41:28.326000+05:30
1692961506381,67.0,{},2023-08-25 16:35:06.381000+05:30
1692961124231,65.0,{},2023-08-25 16:28:44.231000+05:30
1692960742140,63.0,{},2023-08-25 16:22:22.140000+05:30
1692960359966,61.0,{},2023-08-25 16:15:59.966000+05:30
1692959977652,59.0,{},2023-08-25 16:09:37.652000+05:30
1692959212907,63.0,{},2023-08-25 15:56:52.907000+05:30
1692958830570,67.0,{},2023-08-25 15:50:30.570000+05:30
1692958448351,67.0,{},2023-08-25 15:44:08.351000+05:30
1692958066226,68.0,{},2023-08-25 15:37:46.226000+05:30
1692957684245,67.0,{},2023-08-25 15:31:24.245000+05:30
1692957304114,66.0,{},2023-08-25 15:25:04.114000+05:30
1692956921596,66.0,{},2023-08-25 15:18:41.596000+05:30
1692956538051,67.0,{},2023-08-25 15:12:18.051000+05:30
1692956155756,65.0,{},2023-08-25 15:05:55.756000+05:30
1692955773678,63.0,{},2023-08-25 14:59:33.678000+05:30
1692955391541,60.0,{},2023-08-25 14:53:11.541000+05:30
1692955009379,60.0,{},2023-08-25 14:46:49.379000+05:30
1692954627091,60.0,{},2023-08-25 14:40:27.091000+05:30
1692954244784,60.0,{},2023-08-25 14:34:04.784000+05:30
1692953862518,61.0,{},2023-08-25 14:27:42.518000+05:30
1692953480482,66.0,{},2023-08-25 14:21:20.482000+05:30
1692953097939,72.0,{},2023-08-25 14:14:57.939000+05:30
1692952715755,72.0,{},2023-08-25 14:08:35.755000+05:30
1692952333694,73.0,{},2023-08-25 14:02:13.694000+05:30
1692951951624,73.0,{},2023-08-25 13:55:51.624000+05:30
1692951569639,70.0,{},2023-08-25 13:49:29.639000+05:30
1692951187548,68.0,{},2023-08-25 13:43:07.548000+05:30
1692950806014,67.0,{},2023-08-25 13:36:46.014000+05:30
1692950423400,68.0,{},2023-08-25 13:30:23.400000+05:30
1692950042352,68.0,{},2023-08-25 13:24:02.352000+05:30
1692949659210,68.0,{},2023-08-25 13:17:39.210000+05:30
1692949277158,68.0,{},2023-08-25 13:11:17.158000+05:30
1692948895141,70.0,{},2023-08-25 13:04:55.141000+05:30
1692948513047,69.0,{},2023-08-25 12:58:33.047000+05:30
1692948131083,69.0,{},2023-08-25 12:52:11.083000+05:30
1692947749030,68.0,{},2023-08-25 12:45:49.030000+05:30
1692947366997,67.0,{},2023-08-25 12:39:26.997000+05:30
1692946984995,66.0,{},2023-08-25 12:33:04.995000+05:30
1692946602885,65.0,{},2023-08-25 12:26:42.885000+05:30
1692946220792,63.0,{},2023-08-25 12:20:20.792000+05:30
1692945838658,61.0,{},2023-08-25 12:13:58.658000+05:30
1692945456419,61.0,{},2023-08-25 12:07:36.419000+05:30
1692945074237,62.0,{},2023-08-25 12:01:14.237000+05:30
1692944691917,64.0,{},2023-08-25 11:54:51.917000+05:30
1692944310444,64.0,{},2023-08-25 11:48:30.444000+05:30
1692943927570,64.0,{},2023-08-25 11:42:07.570000+05:30
1692943545565,65.0,{},2023-08-25 11:35:45.565000+05:30
1692943163220,66.0,{},2023-08-25 11:29:23.220000+05:30
1692942781116,68.0,{},2023-08-25 11:23:01.116000+05:30
1692942399031,69.0,{},2023-08-25 11:16:39.031000+05:30
1692940871024,80.0,{},2023-08-25 10:51:11.024000+05:30
1692940489115,78.0,{},2023-08-25 10:44:49.115000+05:30
1692940107208,79.0,{},2023-08-25 10:38:27.208000+05:30
1692939725272,80.0,{},2023-08-25 10:32:05.272000+05:30
1692939343362,85.0,{},2023-08-25 10:25:43.362000+05:30
1692938961576,86.0,{},2023-08-25 10:19:21.576000+05:30
1692938579714,87.0,{},2023-08-25 10:12:59.714000+05:30
1692938197960,90.0,{},2023-08-25 10:06:37.960000+05:30
1692937816181,93.0,{},2023-08-25 10:00:16.181000+05:30
1692937434646,95.0,{},2023-08-25 09:53:54.646000+05:30
1692937052779,92.0,{},2023-08-25 09:47:32.779000+05:30
1692936671047,91.0,{},2023-08-25 09:41:11.047000+05:30
1692936289296,93.0,{},2023-08-25 09:34:49.296000+05:30
1692935907505,94.0,{},2023-08-25 09:28:27.505000+05:30
1692935144071,95.0,{},2023-08-25 09:15:44.071000+05:30
1692934762379,95.0,{},2023-08-25 09:09:22.379000+05:30
1692934380699,95.0,{},2023-08-25 09:03:00.699000+05:30
1692933998995,95.0,{},2023-08-25 08:56:38.995000+05:30
1692933617303,95.0,{},2023-08-25 08:50:17.303000+05:30
1692933235649,95.0,{},2023-08-25 08:43:55.649000+05:30
1692932854145,95.0,{},2023-08-25 08:37:34.145000+05:30
1692932472898,95.0,{},2023-08-25 08:31:12.898000+05:30
1692932091149,95.0,{},2023-08-25 08:24:51.149000+05:30
1692931709683,95.0,{},2023-08-25 08:18:29.683000+05:30
1692931328231,95.0,{},2023-08-25 08:12:08.231000+05:30
1692930946767,95.0,{},2023-08-25 08:05:46.767000+05:30
1692930183826,95.0,{},2023-08-25 07:53:03.826000+05:30
1692915319967,95.0,{},2023-08-25 03:45:19.967000+05:30
1692914938669,95.0,{},2023-08-25 03:38:58.669000+05:30
1692914557379,95.0,{},2023-08-25 03:32:37.379000+05:30
1692914176129,95.0,{},2023-08-25 03:26:16.129000+05:30
1692913795087,95.0,{},2023-08-25 03:19:55.087000+05:30
1692913413562,95.0,{},2023-08-25 03:13:33.562000+05:30
1692913032359,95.0,{},2023-08-25 03:07:12.359000+05:30
1692912650947,95.0,{},2023-08-25 03:00:50.947000+05:30
1692912269699,95.0,{},2023-08-25 02:54:29.699000+05:30
1692911888491,95.0,{},2023-08-25 02:48:08.491000+05:30
1692911507030,95.0,{},2023-08-25 02:41:47.030000+05:30
1692911125744,95.0,{},2023-08-25 02:35:25.744000+05:30
1692910363056,95.0,{},2023-08-25 02:22:43.056000+05:30
1692909981752,95.0,{},2023-08-25 02:16:21.752000+05:30
1692909600434,95.0,{},2023-08-25 02:10:00.434000+05:30
1692909219127,95.0,{},2023-08-25 02:03:39.127000+05:30
1692908837767,95.0,{},2023-08-25 01:57:17.767000+05:30
1692908456422,95.0,{},2023-08-25 01:50:56.422000+05:30
1692908075086,95.0,{},2023-08-25 01:44:35.086000+05:30
1692907693721,95.0,{},2023-08-25 01:38:13.721000+05:30
1692907312369,95.0,{},2023-08-25 01:31:52.369000+05:30
1692906931002,95.0,{},2023-08-25 01:25:31.002000+05:30
1692906550531,95.0,{},2023-08-25 01:19:10.531000+05:30
1692906168337,95.0,{},2023-08-25 01:12:48.337000+05:30
1692905786966,95.0,{},2023-08-25 01:06:26.966000+05:30
1692905405632,95.0,{},2023-08-25 01:00:05.632000+05:30
1692905024283,95.0,{},2023-08-25 00:53:44.283000+05:30
1692904642863,95.0,{},2023-08-25 00:47:22.863000+05:30
1692904261590,95.0,{},2023-08-25 00:41:01.590000+05:30
1692903880143,95.0,{},2023-08-25 00:34:40.143000+05:30
1692903498768,95.0,{},2023-08-25 00:28:18.768000+05:30
1692903117407,95.0,{},2023-08-25 00:21:57.407000+05:30
1692902735986,95.0,{},2023-08-25 00:15:35.986000+05:30
1692902354670,95.0,{},2023-08-25 00:09:14.670000+05:30
1692901973215,95.0,{},2023-08-25 00:02:53.215000+05:30
1692901591867,95.0,{},2023-08-24 23:56:31.867000+05:30
1692901210557,95.0,{},2023-08-24 23:50:10.557000+05:30
1692900829161,95.0,{},2023-08-24 23:43:49.161000+05:30
1692900447739,95.0,{},2023-08-24 23:37:27.739000+05:30
1692900066366,95.0,{},2023-08-24 23:31:06.366000+05:30
1692899684994,95.0,{},2023-08-24 23:24:44.994000+05:30
1692899303651,95.0,{},2023-08-24 23:18:23.651000+05:30
1692898922242,95.0,{},2023-08-24 23:12:02.242000+05:30
1692898540887,95.0,{},2023-08-24 23:05:40.887000+05:30
1692898159565,95.0,{},2023-08-24 22:59:19.565000+05:30
1692897778164,95.0,{},2023-08-24 22:52:58.164000+05:30
1692897397942,95.0,{},2023-08-24 22:46:37.942000+05:30
1692897015462,95.0,{},2023-08-24 22:40:15.462000+05:30
1692896633894,95.0,{},2023-08-24 22:33:53.894000+05:30
1692896252516,95.0,{},2023-08-24 22:27:32.516000+05:30
1692895871103,95.0,{},2023-08-24 22:21:11.103000+05:30
1692895489740,95.0,{},2023-08-24 22:14:49.740000+05:30
1692895108342,95.0,{},2023-08-24 22:08:28.342000+05:30
1692894726957,95.0,{},2023-08-24 22:02:06.957000+05:30
1692894345571,95.0,{},2023-08-24 21:55:45.571000+05:30
1692893964338,95.0,{},2023-08-24 21:49:24.338000+05:30
1692893582747,95.0,{},2023-08-24 21:43:02.747000+05:30
1692893201426,95.0,{},2023-08-24 21:36:41.426000+05:30
1692892819948,95.0,{},2023-08-24 21:30:19.948000+05:30
1692892438498,95.0,{},2023-08-24 21:23:58.498000+05:30
1692892058181,95.0,{},2023-08-24 21:17:38.181000+05:30
1692891675621,95.0,{},2023-08-24 21:11:15.621000+05:30
1692891294205,95.0,{},2023-08-24 21:04:54.205000+05:30
1692890912782,95.0,{},2023-08-24 20:58:32.782000+05:30
1692890531329,95.0,{},2023-08-24 20:52:11.329000+05:30
1692890149858,95.0,{},2023-08-24 20:45:49.858000+05:30
1692889714383,95.0,{},2023-08-24 20:38:34.383000+05:30
1692889333075,95.0,{},2023-08-24 20:32:13.075000+05:30
1692888951402,95.0,{},2023-08-24 20:25:51.402000+05:30
1692888570025,95.0,{},2023-08-24 20:19:30.025000+05:30
1692888188586,95.0,{},2023-08-24 20:13:08.586000+05:30
1692887806913,95.0,{},2023-08-24 20:06:46.913000+05:30
1692887425386,95.0,{},2023-08-24 20:00:25.386000+05:30
1692887044831,93.0,{},2023-08-24 19:54:04.831000+05:30
1692886662298,87.0,{},2023-08-24 19:47:42.298000+05:30
1692886280728,85.0,{},2023-08-24 19:41:20.728000+05:30
1692885899135,87.0,{},2023-08-24 19:34:59.135000+05:30
1692885519039,87.0,{},2023-08-24 19:28:39.039000+05:30
1692885135895,87.0,{},2023-08-24 19:22:15.895000+05:30
1692884754309,87.0,{},2023-08-24 19:15:54.309000+05:30
1692884372659,87.0,{},2023-08-24 19:09:32.659000+05:30
1692883991053,90.0,{},2023-08-24 19:03:11.053000+05:30
1692883609424,94.0,{},2023-08-24 18:56:49.424000+05:30
1692883229086,95.0,{},2023-08-24 18:50:29.086000+05:30
1692882845919,95.0,{},2023-08-24 18:44:05.919000+05:30
1692882464168,95.0,{},2023-08-24 18:37:44.168000+05:30
1692882082470,95.0,{},2023-08-24 18:31:22.470000+05:30
1692881700738,95.0,{},2023-08-24 18:25:00.738000+05:30
1692880938809,91.0,{},2023-08-24 18:12:18.809000+05:30
1692880555409,89.0,{},2023-08-24 18:05:55.409000+05:30
1692880173593,90.0,{},2023-08-24 17:59:33.593000+05:30
1692879792076,90.0,{},2023-08-24 17:53:12.076000+05:30
1692879410100,90.0,{},2023-08-24 17:46:50.100000+05:30
1692879028261,89.0,{},2023-08-24 17:40:28.261000+05:30
1692878647409,86.0,{},2023-08-24 17:34:07.409000+05:30
1692878264446,86.0,{},2023-08-24 17:27:44.446000+05:30
1692877882618,82.0,{},2023-08-24 17:21:22.618000+05:30
1692877500757,76.0,{},2023-08-24 17:15:00.757000+05:30
1692877118897,73.0,{},2023-08-24 17:08:38.897000+05:30
1692876736893,70.0,{},2023-08-24 17:02:16.893000+05:30
1692876354873,68.0,{},2023-08-24 16:55:54.873000+05:30
1692875972869,70.0,{},2023-08-24 16:49:32.869000+05:30
1692875590768,71.0,{},2023-08-24 16:43:10.768000+05:30
1692875208806,70.0,{},2023-08-24 16:36:48.806000+05:30
1692874826871,70.0,{},2023-08-24 16:30:26.871000+05:30
1692874444915,70.0,{},2023-08-24 16:24:04.915000+05:30
1692874062983,69.0,{},2023-08-24 16:17:42.983000+05:30
1692873681040,70.0,{},2023-08-24 16:11:21.040000+05:30
1692873299105,70.0,{},2023-08-24 16:04:59.105000+05:30
1692872917152,68.0,{},2023-08-24 15:58:37.152000+05:30
1692872535212,67.0,{},2023-08-24 15:52:15.212000+05:30
1692872153296,68.0,{},2023-08-24 15:45:53.296000+05:30
1692871771373,69.0,{},2023-08-24 15:39:31.373000+05:30
1692867717826,65.0,{},2023-08-24 14:31:57.826000+05:30
1692867335804,67.0,{},2023-08-24 14:25:35.804000+05:30
1692866953788,66.0,{},2023-08-24 14:19:13.788000+05:30
1692866571837,65.0,{},2023-08-24 14:12:51.837000+05:30
1692866189761,64.0,{},2023-08-24 14:06:29.761000+05:30
1692865807951,63.0,{},2023-08-24 14:00:07.951000+05:30
1692865425691,61.0,{},2023-08-24 13:53:45.691000+05:30
1692865043547,65.0,{},2023-08-24 13:47:23.547000+05:30
1692864661449,66.0,{},2023-08-24 13:41:01.449000+05:30
1692864279385,66.0,{},2023-08-24 13:34:39.385000+05:30
1692863897335,66.0,{},2023-08-24 13:28:17.335000+05:30
1692863515258,67.0,{},2023-08-24 13:21:55.258000+05:30
1692863133214,67.0,{},2023-08-24 13:15:33.214000+05:30
1692862751145,68.0,{},2023-08-24 13:09:11.145000+05:30
1692862369089,71.0,{},2023-08-24 13:02:49.089000+05:30
1692861987106,72.0,{},2023-08-24 12:56:27.106000+05:30
1692861605298,74.0,{},2023-08-24 12:50:05.298000+05:30
1692861223263,77.0,{},2023-08-24 12:43:43.263000+05:30
1692860841370,75.0,{},2023-08-24 12:37:21.370000+05:30
1692860459741,74.0,{},2023-08-24 12:30:59.741000+05:30
1692860077690,71.0,{},2023-08-24 12:24:37.690000+05:30
1692859695824,69.0,{},2023-08-24 12:18:15.824000+05:30
1692859313920,70.0,{},2023-08-24 12:11:53.920000+05:30
1692858931911,69.0,{},2023-08-24 12:05:31.911000+05:30
1692858550418,68.0,{},2023-08-24 11:59:10.418000+05:30
1692858167983,69.0,{},2023-08-24 11:52:47.983000+05:30
1692857786112,69.0,{},2023-08-24 11:46:26.112000+05:30
1692857404056,70.0,{},2023-08-24 11:40:04.056000+05:30
1692857022120,70.0,{},2023-08-24 11:33:42.120000+05:30
1692856640187,75.0,{},2023-08-24 11:27:20.187000+05:30
1692856258944,78.0,{},2023-08-24 11:20:58.944000+05:30
1692855876405,78.0,{},2023-08-24 11:14:36.405000+05:30
1692855494771,77.0,{},2023-08-24 11:08:14.771000+05:30
1692855112808,78.0,{},2023-08-24 11:01:52.808000+05:30
1692854349152,72.0,{},2023-08-24 10:49:09.152000+05:30
1692853967443,73.0,{},2023-08-24 10:42:47.443000+05:30
1692853585414,74.0,{},2023-08-24 10:36:25.414000+05:30
1692853203528,74.0,{},2023-08-24 10:30:03.528000+05:30
1692852821682,75.0,{},2023-08-24 10:23:41.682000+05:30
1692852439845,75.0,{},2023-08-24 10:17:19.845000+05:30
1692852057964,75.0,{},2023-08-24 10:10:57.964000+05:30
1692851676127,74.0,{},2023-08-24 10:04:36.127000+05:30
1692851294478,76.0,{},2023-08-24 09:58:14.478000+05:30
1692850912407,83.0,{},2023-08-24 09:51:52.407000+05:30
1692850530756,87.0,{},2023-08-24 09:45:30.756000+05:30
1692850148858,88.0,{},2023-08-24 09:39:08.858000+05:30
1692849767339,89.0,{},2023-08-24 09:32:47.339000+05:30
1692849385510,86.0,{},2023-08-24 09:26:25.510000+05:30
1692849003834,86.0,{},2023-08-24 09:20:03.834000+05:30
1692848622142,92.0,{},2023-08-24 09:13:42.142000+05:30
1692848240419,93.0,{},2023-08-24 09:07:20.419000+05:30
1692847858773,93.0,{},2023-08-24 09:00:58.773000+05:30
1692847477134,95.0,{},2023-08-24 08:54:37.134000+05:30
1692847095521,95.0,{},2023-08-24 08:48:15.521000+05:30
1692846713991,95.0,{},2023-08-24 08:41:53.991000+05:30
1692846332637,95.0,{},2023-08-24 08:35:32.637000+05:30
1692845951023,95.0,{},2023-08-24 08:29:11.023000+05:30
1692845569539,95.0,{},2023-08-24 08:22:49.539000+05:30
1692845188122,95.0,{},2023-08-24 08:16:28.122000+05:30
1692844806654,95.0,{},2023-08-24 08:10:06.654000+05:30
1692844425228,95.0,{},2023-08-24 08:03:45.228000+05:30
1692844043791,95.0,{},2023-08-24 07:57:23.791000+05:30
1692826131593,95.0,{},2023-08-24 02:58:51.593000+05:30
1692825750376,95.0,{},2023-08-24 02:52:30.376000+05:30
1692825369091,95.0,{},2023-08-24 02:46:09.091000+05:30
1692824987834,95.0,{},2023-08-24 02:39:47.834000+05:30
1692824606531,95.0,{},2023-08-24 02:33:26.531000+05:30
1692824225220,95.0,{},2023-08-24 02:27:05.220000+05:30
1692823843947,95.0,{},2023-08-24 02:20:43.947000+05:30
1692823463178,95.0,{},2023-08-24 02:14:23.178000+05:30
1692823082080,95.0,{},2023-08-24 02:08:02.080000+05:30
1692822700056,95.0,{},2023-08-24 02:01:40.056000+05:30
1692822318802,95.0,{},2023-08-24 01:55:18.802000+05:30
1692821937476,95.0,{},2023-08-24 01:48:57.476000+05:30
1692821556189,95.0,{},2023-08-24 01:42:36.189000+05:30
1692821174868,95.0,{},2023-08-24 01:36:14.868000+05:30
1692820793560,95.0,{},2023-08-24 01:29:53.560000+05:30
1692820412300,95.0,{},2023-08-24 01:23:32.300000+05:30
1692820030995,95.0,{},2023-08-24 01:17:10.995000+05:30
1692819649711,95.0,{},2023-08-24 01:10:49.711000+05:30
1692819268453,95.0,{},2023-08-24 01:04:28.453000+05:30
1692818887087,95.0,{},2023-08-24 00:58:07.087000+05:30
1692818505869,95.0,{},2023-08-24 00:51:45.869000+05:30
1692818124460,95.0,{},2023-08-24 00:45:24.460000+05:30
1692817743145,95.0,{},2023-08-24 00:39:03.145000+05:30
1692817361829,95.0,{},2023-08-24 00:32:41.829000+05:30
1692816980628,95.0,{},2023-08-24 00:26:20.628000+05:30
1692816599262,95.0,{},2023-08-24 00:19:59.262000+05:30
1692816217908,95.0,{},2023-08-24 00:13:37.908000+05:30
1692815836618,95.0,{},2023-08-24 00:07:16.618000+05:30
1692815455204,95.0,{},2023-08-24 00:00:55.204000+05:30
1692815073841,95.0,{},2023-08-23 23:54:33.841000+05:30
1692814692467,95.0,{},2023-08-23 23:48:12.467000+05:30
1692814311110,95.0,{},2023-08-23 23:41:51.110000+05:30
1692813929710,95.0,{},2023-08-23 23:35:29.710000+05:30
1692813548327,95.0,{},2023-08-23 23:29:08.327000+05:30
1692813166967,95.0,{},2023-08-23 23:22:46.967000+05:30
1692812785580,95.0,{},2023-08-23 23:16:25.580000+05:30
1692812404214,95.0,{},2023-08-23 23:10:04.214000+05:30
1692812022800,95.0,{},2023-08-23 23:03:42.800000+05:30
1692811641436,95.0,{},2023-08-23 22:57:21.436000+05:30
1692811260016,95.0,{},2023-08-23 22:51:00.016000+05:30
1692810878595,95.0,{},2023-08-23 22:44:38.595000+05:30
1692810497254,95.0,{},2023-08-23 22:38:17.254000+05:30
1692810115733,95.0,{},2023-08-23 22:31:55.733000+05:30
1692809734291,95.0,{},2023-08-23 22:25:34.291000+05:30
1692809352821,93.0,{},2023-08-23 22:19:12.821000+05:30
1692808971353,95.0,{},2023-08-23 22:12:51.353000+05:30
1692808589946,94.0,{},2023-08-23 22:06:29.946000+05:30
1692808208465,95.0,{},2023-08-23 22:00:08.465000+05:30
1692807832040,95.0,{},2023-08-23 21:53:52.040000+05:30
1692807063888,95.0,{},2023-08-23 21:41:03.888000+05:30
1692806682394,94.0,{},2023-08-23 21:34:42.394000+05:30
1692806300835,93.0,{},2023-08-23 21:28:20.835000+05:30
1692805919200,93.0,{},2023-08-23 21:21:59.200000+05:30
1692805537607,91.0,{},2023-08-23 21:15:37.607000+05:30
1692805155955,91.0,{},2023-08-23 21:09:15.955000+05:30
1692804774315,89.0,{},2023-08-23 21:02:54.315000+05:30
1692804392691,90.0,{},2023-08-23 20:56:32.691000+05:30
1692804011063,89.0,{},2023-08-23 20:50:11.063000+05:30
1692803629405,89.0,{},2023-08-23 20:43:49.405000+05:30
1692803247778,90.0,{},2023-08-23 20:37:27.778000+05:30
1692802866124,89.0,{},2023-08-23 20:31:06.124000+05:30
1692802484475,90.0,{},2023-08-23 20:24:44.475000+05:30
1692802102822,93.0,{},2023-08-23 20:18:22.822000+05:30
1692801721243,95.0,{},2023-08-23 20:12:01.243000+05:30
1692801339527,95.0,{},2023-08-23 20:05:39.527000+05:30
1692800957851,95.0,{},2023-08-23 19:59:17.851000+05:30
1692800576209,95.0,{},2023-08-23 19:52:56.209000+05:30
1692800194530,92.0,{},2023-08-23 19:46:34.530000+05:30
1692799812858,82.0,{},2023-08-23 19:40:12.858000+05:30
1692799431343,76.0,{},2023-08-23 19:33:51.343000+05:30
1692799049418,75.0,{},2023-08-23 19:27:29.418000+05:30
1692798667646,74.0,{},2023-08-23 19:21:07.646000+05:30
1692798285840,73.0,{},2023-08-23 19:14:45.840000+05:30
1692797905798,72.0,{},2023-08-23 19:08:25.798000+05:30
1692797522317,72.0,{},2023-08-23 19:02:02.317000+05:30
1692797140452,72.0,{},2023-08-23 18:55:40.452000+05:30
1692796758645,72.0,{},2023-08-23 18:49:18.645000+05:30
1692795995034,69.0,{},2023-08-23 18:36:35.034000+05:30
1692795613191,68.0,{},2023-08-23 18:30:13.191000+05:30
1692795231315,67.0,{},2023-08-23 18:23:51.315000+05:30
1692794849340,67.0,{},2023-08-23 18:17:29.340000+05:30
1692794467318,66.0,{},2023-08-23 18:11:07.318000+05:30
1692794085341,65.0,{},2023-08-23 18:04:45.341000+05:30
1692793703354,64.0,{},2023-08-23 17:58:23.354000+05:30
1692793321368,64.0,{},2023-08-23 17:52:01.368000+05:30
1692792939433,64.0,{},2023-08-23 17:45:39.433000+05:30
1692792557253,65.0,{},2023-08-23 17:39:17.253000+05:30
1692792175195,63.0,{},2023-08-23 17:32:55.195000+05:30
1692791793135,61.0,{},2023-08-23 17:26:33.135000+05:30
1692791410948,60.0,{},2023-08-23 17:20:10.948000+05:30
1692791028713,59.0,{},2023-08-23 17:13:48.713000+05:30
1692790646468,59.0,{},2023-08-23 17:07:26.468000+05:30
1692790264226,59.0,{},2023-08-23 17:01:04.226000+05:30
1692789881889,61.0,{},2023-08-23 16:54:41.889000+05:30
1692789499641,61.0,{},2023-08-23 16:48:19.641000+05:30
1692789117370,60.0,{},2023-08-23 16:41:57.370000+05:30
1692788735158,61.0,{},2023-08-23 16:35:35.158000+05:30
1692788352926,61.0,{},2023-08-23 16:29:12.926000+05:30
1692787970645,60.0,{},2023-08-23 16:22:50.645000+05:30
1692787588378,58.0,{},2023-08-23 16:16:28.378000+05:30
1692787206018,56.0,{},2023-08-23 16:10:06.018000+05:30
1692786823531,54.0,{},2023-08-23 16:03:43.531000+05:30
1692786441043,54.0,{},2023-08-23 15:57:21.043000+05:30
1692786058548,54.0,{},2023-08-23 15:50:58.548000+05:30
1692785676037,54.0,{},2023-08-23 15:44:36.037000+05:30
1692785293526,52.0,{},2023-08-23 15:38:13.526000+05:30
1692784911192,53.0,{},2023-08-23 15:31:51.192000+05:30
1692784528798,53.0,{},2023-08-23 15:25:28.798000+05:30
1692784146153,54.0,{},2023-08-23 15:19:06.153000+05:30
1692783763505,55.0,{},2023-08-23 15:12:43.505000+05:30
1692783381160,53.0,{},2023-08-23 15:06:21.160000+05:30
1692782998478,53.0,{},2023-08-23 14:59:58.478000+05:30
1692782615987,56.0,{},2023-08-23 14:53:35.987000+05:30
1692782233483,56.0,{},2023-08-23 14:47:13.483000+05:30
1692781850961,55.0,{},2023-08-23 14:40:50.961000+05:30
1692781468488,56.0,{},2023-08-23 14:34:28.488000+05:30
1692781085954,60.0,{},2023-08-23 14:28:05.954000+05:30
1692780703579,59.0,{},2023-08-23 14:21:43.579000+05:30
1692780321100,60.0,{},2023-08-23 14:15:21.100000+05:30
1692779938633,63.0,{},2023-08-23 14:08:58.633000+05:30
1692779556282,61.0,{},2023-08-23 14:02:36.282000+05:30
1692779173961,62.0,{},2023-08-23 13:56:13.961000+05:30
1692778791639,63.0,{},2023-08-23 13:49:51.639000+05:30
1692778409356,66.0,{},2023-08-23 13:43:29.356000+05:30
1692778027120,67.0,{},2023-08-23 13:37:07.120000+05:30
1692777646880,68.0,{},2023-08-23 13:30:46.880000+05:30
1692777262849,68.0,{},2023-08-23 13:24:22.849000+05:30
1692776880760,70.0,{},2023-08-23 13:18:00.760000+05:30
1692776499727,69.0,{},2023-08-23 13:11:39.727000+05:30
1692776117258,70.0,{},2023-08-23 13:05:17.258000+05:30
1692775734576,70.0,{},2023-08-23 12:58:54.576000+05:30
1692775352360,72.0,{},2023-08-23 12:52:32.360000+05:30
1692774589306,73.0,{},2023-08-23 12:39:49.306000+05:30
1692774206355,72.0,{},2023-08-23 12:33:26.355000+05:30
1692773824335,71.0,{},2023-08-23 12:27:04.335000+05:30
1692773442290,72.0,{},2023-08-23 12:20:42.290000+05:30
1692773060284,74.0,{},2023-08-23 12:14:20.284000+05:30
1692772678232,76.0,{},2023-08-23 12:07:58.232000+05:30
1692772296294,78.0,{},2023-08-23 12:01:36.294000+05:30
1692771914357,77.0,{},2023-08-23 11:55:14.357000+05:30
1692771533551,79.0,{},2023-08-23 11:48:53.551000+05:30
1692771150611,77.0,{},2023-08-23 11:42:30.611000+05:30
1692770768730,79.0,{},2023-08-23 11:36:08.730000+05:30
1692770386834,80.0,{},2023-08-23 11:29:46.834000+05:30
1692770004961,80.0,{},2023-08-23 11:23:24.961000+05:30
1692769623138,80.0,{},2023-08-23 11:17:03.138000+05:30
1692769241377,81.0,{},2023-08-23 11:10:41.377000+05:30
1692768859315,80.0,{},2023-08-23 11:04:19.315000+05:30
1692768477490,79.0,{},2023-08-23 10:57:57.490000+05:30
1692768095592,80.0,{},2023-08-23 10:51:35.592000+05:30
1692767713782,80.0,{},2023-08-23 10:45:13.782000+05:30
1692767332811,83.0,{},2023-08-23 10:38:52.811000+05:30
1692766950084,83.0,{},2023-08-23 10:32:30.084000+05:30
1692766568277,86.0,{},2023-08-23 10:26:08.277000+05:30
1692766186502,87.0,{},2023-08-23 10:19:46.502000+05:30
1692765804786,86.0,{},2023-08-23 10:13:24.786000+05:30
1692765431011,87.0,{},2023-08-23 10:07:11.011000+05:30
1692765049263,88.0,{},2023-08-23 10:00:49.263000+05:30
1692764667531,88.0,{},2023-08-23 09:54:27.531000+05:30
1692764285783,88.0,{},2023-08-23 09:48:05.783000+05:30
1692763904310,87.0,{},2023-08-23 09:41:44.310000+05:30
1692763522321,88.0,{},2023-08-23 09:35:22.321000+05:30
1692763148573,88.0,{},2023-08-23 09:29:08.573000+05:30
1692762766885,92.0,{},2023-08-23 09:22:46.885000+05:30
1692762385181,92.0,{},2023-08-23 09:16:25.181000+05:30
1692762003454,91.0,{},2023-08-23 09:10:03.454000+05:30
1692761621801,90.0,{},2023-08-23 09:03:41.801000+05:30
1692761240165,94.0,{},2023-08-23 08:57:20.165000+05:30
1692760858776,95.0,{},2023-08-23 08:50:58.776000+05:30
1692760476901,95.0,{},2023-08-23 08:44:36.901000+05:30
1692760095625,95.0,{},2023-08-23 08:38:15.625000+05:30
1692759713882,95.0,{},2023-08-23 08:31:53.882000+05:30
1692759332385,95.0,{},2023-08-23 08:25:32.385000+05:30
1692758950938,95.0,{},2023-08-23 08:19:10.938000+05:30
1692758569474,95.0,{},2023-08-23 08:12:49.474000+05:30
1692758188036,95.0,{},2023-08-23 08:06:28.036000+05:30
1692757806656,95.0,{},2023-08-23 08:00:06.656000+05:30
1692757425274,95.0,{},2023-08-23 07:53:45.274000+05:30
1692738742491,95.0,{},2023-08-23 02:42:22.491000+05:30
1692736835944,0.0,{},2023-08-23 02:10:35.944000+05:30
1692730734971,95.0,{},2023-08-23 00:28:54.971000+05:30
1692730354422,95.0,{},2023-08-23 00:22:34.422000+05:30
1692729972251,95.0,{},2023-08-23 00:16:12.251000+05:30
1692729591010,95.0,{},2023-08-23 00:09:51.010000+05:30
1692729209609,95.0,{},2023-08-23 00:03:29.609000+05:30
1692728828247,95.0,{},2023-08-22 23:57:08.247000+05:30
1692728446926,95.0,{},2023-08-22 23:50:46.926000+05:30
1692728065573,95.0,{},2023-08-22 23:44:25.573000+05:30
1692727684292,95.0,{},2023-08-22 23:38:04.292000+05:30
1692727310824,95.0,{},2023-08-22 23:31:50.824000+05:30
1692726929503,95.0,{},2023-08-22 23:25:29.503000+05:30
1692726548164,95.0,{},2023-08-22 23:19:08.164000+05:30
1692726166854,95.0,{},2023-08-22 23:12:46.854000+05:30
1692725785524,95.0,{},2023-08-22 23:06:25.524000+05:30
1692725404151,95.0,{},2023-08-22 23:00:04.151000+05:30
1692725022800,95.0,{},2023-08-22 22:53:42.800000+05:30
1692724643239,95.0,{},2023-08-22 22:47:23.239000+05:30
1692724260109,95.0,{},2023-08-22 22:41:00.109000+05:30
1692723878769,95.0,{},2023-08-22 22:34:38.769000+05:30
1692723497370,95.0,{},2023-08-22 22:28:17.370000+05:30
1692723116020,95.0,{},2023-08-22 22:21:56.020000+05:30
1692722734589,95.0,{},2023-08-22 22:15:34.589000+05:30
1692722353183,95.0,{},2023-08-22 22:09:13.183000+05:30
1692721971806,95.0,{},2023-08-22 22:02:51.806000+05:30
1692721590744,95.0,{},2023-08-22 21:56:30.744000+05:30
1692721209011,95.0,{},2023-08-22 21:50:09.011000+05:30
1692720827968,95.0,{},2023-08-22 21:43:47.968000+05:30
1692720446168,95.0,{},2023-08-22 21:37:26.168000+05:30
1692720064732,95.0,{},2023-08-22 21:31:04.732000+05:30
1692719683335,95.0,{},2023-08-22 21:24:43.335000+05:30
1692719301937,95.0,{},2023-08-22 21:18:21.937000+05:30
1692718920524,95.0,{},2023-08-22 21:12:00.524000+05:30
1692718540255,95.0,{},2023-08-22 21:05:40.255000+05:30
1692718157715,95.0,{},2023-08-22 20:59:17.715000+05:30
1692717776237,95.0,{},2023-08-22 20:52:56.237000+05:30
1692717394825,95.0,{},2023-08-22 20:46:34.825000+05:30
1692717013405,95.0,{},2023-08-22 20:40:13.405000+05:30
1692716250585,95.0,{},2023-08-22 20:27:30.585000+05:30
1692715869240,95.0,{},2023-08-22 20:21:09.240000+05:30
1692715487832,95.0,{},2023-08-22 20:14:47.832000+05:30
1692715107982,95.0,{},2023-08-22 20:08:27.982000+05:30
1692714725030,95.0,{},2023-08-22 20:02:05.030000+05:30
1692714343484,95.0,{},2023-08-22 19:55:43.484000+05:30
1692713961954,95.0,{},2023-08-22 19:49:21.954000+05:30
1692713588415,95.0,{},2023-08-22 19:43:08.415000+05:30
1692713214921,95.0,{},2023-08-22 19:36:54.921000+05:30
1692712833427,95.0,{},2023-08-22 19:30:33.427000+05:30
1692712451913,95.0,{},2023-08-22 19:24:11.913000+05:30
1692712070379,95.0,{},2023-08-22 19:17:50.379000+05:30
1692711689312,95.0,{},2023-08-22 19:11:29.312000+05:30
1692711318390,95.0,{},2023-08-22 19:05:18.390000+05:30
1692710552281,95.0,{},2023-08-22 18:52:32.281000+05:30
1692710170769,95.0,{},2023-08-22 18:46:10.769000+05:30
1692709789208,95.0,{},2023-08-22 18:39:49.208000+05:30
1692709407660,95.0,{},2023-08-22 18:33:27.660000+05:30
1692709026038,95.0,{},2023-08-22 18:27:06.038000+05:30
1692708644478,95.0,{},2023-08-22 18:20:44.478000+05:30
1692708262829,95.0,{},2023-08-22 18:14:22.829000+05:30
1692707881541,94.0,{},2023-08-22 18:08:01.541000+05:30
1692707499527,94.0,{},2023-08-22 18:01:39.527000+05:30
1692707120075,91.0,{},2023-08-22 17:55:20.075000+05:30
1692706354258,87.0,{},2023-08-22 17:42:34.258000+05:30
1692705972460,86.0,{},2023-08-22 17:36:12.460000+05:30
1692705590944,85.0,{},2023-08-22 17:29:50.944000+05:30
1692705208799,84.0,{},2023-08-22 17:23:28.799000+05:30
1692704826942,88.0,{},2023-08-22 17:17:06.942000+05:30
1692704445067,91.0,{},2023-08-22 17:10:45.067000+05:30
1692704063264,85.0,{},2023-08-22 17:04:23.264000+05:30
1692703681422,84.0,{},2023-08-22 16:58:01.422000+05:30
1692703299526,84.0,{},2023-08-22 16:51:39.526000+05:30
1692702917660,85.0,{},2023-08-22 16:45:17.660000+05:30
1692702535748,89.0,{},2023-08-22 16:38:55.748000+05:30
1692702153835,88.0,{},2023-08-22 16:32:33.835000+05:30
1692701771949,90.0,{},2023-08-22 16:26:11.949000+05:30
1692701389936,89.0,{},2023-08-22 16:19:49.936000+05:30
1692701007988,89.0,{},2023-08-22 16:13:27.988000+05:30
1692700626096,87.0,{},2023-08-22 16:07:06.096000+05:30
1692700244141,88.0,{},2023-08-22 16:00:44.141000+05:30
1692699862207,92.0,{},2023-08-22 15:54:22.207000+05:30
1692699480764,91.0,{},2023-08-22 15:48:00.764000+05:30
1692699098371,94.0,{},2023-08-22 15:41:38.371000+05:30
1692698716527,95.0,{},2023-08-22 15:35:16.527000+05:30
1692698334657,95.0,{},2023-08-22 15:28:54.657000+05:30
1692697952839,95.0,{},2023-08-22 15:22:32.839000+05:30
1692697571088,95.0,{},2023-08-22 15:16:11.088000+05:30
1692697189252,95.0,{},2023-08-22 15:09:49.252000+05:30
1692696807439,95.0,{},2023-08-22 15:03:27.439000+05:30
1692696425613,92.0,{},2023-08-22 14:57:05.613000+05:30
1692695661884,83.0,{},2023-08-22 14:44:21.884000+05:30
1692695279947,77.0,{},2023-08-22 14:37:59.947000+05:30
1692694897903,76.0,{},2023-08-22 14:31:37.903000+05:30
1692694515876,74.0,{},2023-08-22 14:25:15.876000+05:30
1692694133791,74.0,{},2023-08-22 14:18:53.791000+05:30
1692693753277,76.0,{},2023-08-22 14:12:33.277000+05:30
1692693369758,77.0,{},2023-08-22 14:06:09.758000+05:30
1692692987749,76.0,{},2023-08-22 13:59:47.749000+05:30
1692692606248,76.0,{},2023-08-22 13:53:26.248000+05:30
1692692223810,76.0,{},2023-08-22 13:47:03.810000+05:30
1692691841902,76.0,{},2023-08-22 13:40:41.902000+05:30
1692691459888,78.0,{},2023-08-22 13:34:19.888000+05:30
1692691077916,76.0,{},2023-08-22 13:27:57.916000+05:30
1692690695978,77.0,{},2023-08-22 13:21:35.978000+05:30
1692690314045,75.0,{},2023-08-22 13:15:14.045000+05:30
1692689932122,74.0,{},2023-08-22 13:08:52.122000+05:30
1692689550175,73.0,{},2023-08-22 13:02:30.175000+05:30
1692689168209,75.0,{},2023-08-22 12:56:08.209000+05:30
1692688786229,73.0,{},2023-08-22 12:49:46.229000+05:30
1692688404460,73.0,{},2023-08-22 12:43:24.460000+05:30
1692688022447,73.0,{},2023-08-22 12:37:02.447000+05:30
1692687640341,78.0,{},2023-08-22 12:30:40.341000+05:30
1692687260491,79.0,{},2023-08-22 12:24:20.491000+05:30
1692686876563,80.0,{},2023-08-22 12:17:56.563000+05:30
1692686494559,81.0,{},2023-08-22 12:11:34.559000+05:30
1692686112706,79.0,{},2023-08-22 12:05:12.706000+05:30
1692685730714,78.0,{},2023-08-22 11:58:50.714000+05:30
1692685348798,79.0,{},2023-08-22 11:52:28.798000+05:30
1692684967816,82.0,{},2023-08-22 11:46:07.816000+05:30
1692684203061,81.0,{},2023-08-22 11:33:23.061000+05:30
1692683821165,80.0,{},2023-08-22 11:27:01.165000+05:30
1692683439302,81.0,{},2023-08-22 11:20:39.302000+05:30
1692683057476,82.0,{},2023-08-22 11:14:17.476000+05:30
1692682675614,81.0,{},2023-08-22 11:07:55.614000+05:30
1692682293739,82.0,{},2023-08-22 11:01:33.739000+05:30
1692681911888,84.0,{},2023-08-22 10:55:11.888000+05:30
1692681530067,81.0,{},2023-08-22 10:48:50.067000+05:30
1692681148159,83.0,{},2023-08-22 10:42:28.159000+05:30
1692680766419,83.0,{},2023-08-22 10:36:06.419000+05:30
1692680002707,83.0,{},2023-08-22 10:23:22.707000+05:30
1692679620860,83.0,{},2023-08-22 10:17:00.860000+05:30
1692679239031,85.0,{},2023-08-22 10:10:39.031000+05:30
1692678857222,90.0,{},2023-08-22 10:04:17.222000+05:30
1692678475489,89.0,{},2023-08-22 09:57:55.489000+05:30
1692678093737,86.0,{},2023-08-22 09:51:33.737000+05:30
1692677712068,93.0,{},2023-08-22 09:45:12.068000+05:30
1692677330225,95.0,{},2023-08-22 09:38:50.225000+05:30
1692676948558,95.0,{},2023-08-22 09:32:28.558000+05:30
1692676566841,95.0,{},2023-08-22 09:26:06.841000+05:30
1692676185130,95.0,{},2023-08-22 09:19:45.130000+05:30
1692675803636,95.0,{},2023-08-22 09:13:23.636000+05:30
1692675040305,95.0,{},2023-08-22 09:00:40.305000+05:30
1692674658781,95.0,{},2023-08-22 08:54:18.781000+05:30
1692673514360,95.0,{},2023-08-22 08:35:14.360000+05:30
